x1,x2,x3,x4,x5,x6,x7,x8,x9,x10,x11,x12,x13,x14,x15,x16,x17,x18,x19,x20,x21,x22,x23,x24,x25,x26,x27,x28,x29,x30,x31,x32,x33,x34,x35,x36,x37,x38,x39,x40,x41,x42,x43,x44,x45,x46,x47,x48,x49,x50,x51,x52,x53,x54,x55,x56,x57,x58,x59,x60,x61,x62,x63,x64,x65,x66,x67,x68,x69,x70,x71,x72,x73,x74,x75,x76,x77,x78,x79,x80,x81,x82,x83,x84,x85,x86,x87,x88,x89,x90,x91,x92,x93,x94,x95,x96,x97,x98,x99,x100,x101,x102,x103,x104,x105,x106,x107,x108,x109,x110,x111,x112,x113,x114,x115,x116,x117,x118,x119,x120,x121,x122,x123,x124,x125,x126,x127,x128,x129,x130,x131,x132,x133,x134,x135,x136,x137,x138,x139,x140,x141,x142,x143,x144,x145,x146,x147,x148,x149,x150,x151,x152,x153,x154,x155,x156,x157,x158,x159,x160,x161,x162,x163,x164,x165,x166,x167,x168,x169,x170,x171,x172,x173,x174,x175
122,121,123,114,121,122,121,124,120,123,124,122,118,123,122,118,119,120,120,117,121,123,120,125,115,121,115,122,124,117,115,115,121,122,115,114,113,111,117,110,110,118,107,82,116,74,104,64,75,69,73,74,64,77,57,74,72,53,86,42,60,73,51,42,17,47,51,23,25,57,47,42,23,25,33,24,15,56,47,42,65,60,57,46,55,73,48,60,87,76,73,110,88,100,94,73,74,91,89,100,86,94,66,103,95,80,104,100,99,93,116,118,100,115,113,115,107,115,107,114,104,93,114,105,120,115,118,97,104,112,102,107,117,114,110,86,107,101,83,101,69,85,96,77,73,76,77,62,68,87,76,76,62,64,85,54,30,53,24,85,46,76,54,64,54,39,32,51,56,71,23,83,68,46,42
122,121,120,118,120,125,117,124,125,122,121,122,119,120,119,122,120,121,123,119,115,115,120,120,123,118,119,120,115,120,118,100,119,117,124,117,113,86,103,110,96,89,110,105,111,100,85,93,72,86,74,82,72,51,85,66,46,57,54,44,53,31,30,60,38,50,42,53,48,37,51,38,43,51,34,13,37,69,59,66,17,39,48,73,38,49,43,66,47,69,73,74,89,68,109,107,85,60,96,104,111,68,100,100,98,104,101,111,114,110,109,110,120,104,92,111,115,115,100,111,114,100,118,110,101,100,122,116,86,113,98,101,107,115,106,91,117,105,97,100,113,110,101,99,96,66,79,74,71,86,73,91,77,60,38,74,69,25,79,61,61,79,74,68,80,47,46,44,44,60,52,37,68,82,60
124,115,124,117,121,122,121,118,119,125,123,117,119,124,114,115,122,117,117,124,125,111,123,124,117,124,118,123,115,120,114,115,118,109,113,111,111,105,100,107,96,99,91,96,84,107,99,93,103,79,61,32,80,64,40,60,44,76,48,51,39,74,38,80,51,37,54,39,23,64,13,32,57,44,46,54,46,44,47,64,62,44,56,66,59,51,32,66,80,60,75,76,49,64,86,80,76,86,95,85,96,104,89,94,111,107,94,107,85,85,93,114,101,107,117,105,114,112,112,110,113,103,118,119,117,111,112,112,117,106,94,111,88,109,112,104,85,101,91,85,112,94,84,76,92,83,61,87,84,83,65,86,107,60,86,100,90,51,76,32,48,65,56,59,64,74,69,68,61,32,34,51,74,60,72
124,125,117,118,118,118,124,116,125,120,122,119,123,125,118,121,122,114,122,125,125,119,120,123,118,119,120,112,117,119,122,110,114,120,117,117,114,114,115,83,112,80,74,107,100,85,94,75,89,98,103,77,39,66,56,67,85,61,40,38,35,44,39,20,48,49,47,30,33,62,54,46,42,54,56,49,12,32,72,43,64,85,38,34,43,42,60,85,47,65,96,85,90,56,86,62,82,109,90,94,107,85,103,103,94,96,111,117,107,121,115,117,116,121,119,118,106,92,117,100,114,121,109,113,109,99,117,96,115,104,115,74,69,122,100,104,104,79,106,111,90,105,83,79,74,103,73,86,60,75,110,83,79,68,85,86,64,90,72,52,75,34,80,68,86,55,44,68,53,38,23,65,67,76,43
123,122,123,119,123,120,120,120,121,114,125,120,119,124,125,118,124,116,118,118,120,124,125,119,114,123,122,114,120,121,119,123,113,118,118,115,111,104,111,106,111,85,93,95,79,106,74,88,92,91,88,76,64,52,66,68,76,32,23,73,55,66,42,49,42,24,26,60,23,34,60,47,26,46,15,38,38,50,17,51,54,32,62,60,50,51,74,87,69,94,54,54,85,89,74,86,73,60,89,91,109,99,100,111,110,96,115,79,89,119,115,111,119,104,119,117,114,110,119,107,96,120,117,107,109,114,119,111,113,115,114,111,85,117,115,112,101,103,101,99,104,96,90,80,110,100,85,80,104,64,103,50,44,51,47,74,35,69,69,72,60,49,42,64,61,85,60,64,20,54,59,46,69,74,91
125,125,121,118,118,124,122,119,119,125,123,125,121,119,120,120,120,121,119,117,115,121,122,115,122,123,122,119,121,111,114,123,114,119,117,123,119,113,112,114,114,102,105,115,90,96,65,110,91,59,98,72,76,66,73,51,74,85,68,37,49,74,46,47,39,33,35,47,14,26,32,28,53,53,42,20,38,46,52,50,42,60,34,39,73,97,72,79,64,77,66,115,100,74,107,72,93,110,87,102,96,75,79,90,114,119,106,113,114,103,110,110,107,107,112,120,107,115,114,118,120,111,119,111,111,124,110,113,105,119,115,117,105,120,107,87,90,107,91,115,110,103,79,100,85,103,86,74,97,89,93,72,69,104,85,75,88,98,73,61,79,67,66,23,39,85,57,56,72,56,52,85,66,50,25
122,125,117,119,124,125,124,119,117,120,121,122,122,121,119,122,123,123,124,120,123,123,120,124,118,113,121,120,113,115,115,121,119,113,124,110,116,120,115,122,110,112,86,98,98,100,93,86,86,87,96,87,61,74,79,50,34,71,59,49,33,39,23,42,37,26,64,73,61,46,51,53,52,40,23,69,47,48,59,61,87,66,52,69,40,85,77,71,61,57,55,96,99,80,87,73,95,98,92,91,72,100,101,105,100,93,103,110,109,115,110,118,113,107,115,102,120,103,106,113,100,105,117,105,111,110,105,115,111,114,109,109,74,113,105,104,92,99,101,85,87,112,115,85,76,89,87,90,82,66,91,86,52,61,82,91,77,76,76,65,54,73,85,74,38,57,61,66,69,51,60,83,57,60,60
125,117,120,124,118,120,121,122,117,121,118,124,124,125,119,123,117,123,121,119,123,121,123,118,118,117,117,118,121,117,112,114,111,117,122,124,110,105,107,112,117,104,110,111,95,77,89,72,57,86,69,68,60,48,50,47,60,71,51,61,32,64,13,48,65,51,54,38,60,57,72,23,43,20,38,53,30,69,72,75,55,43,65,68,72,75,48,71,77,94,105,60,91,84,86,51,110,91,79,107,92,116,109,118,111,112,117,114,85,101,111,120,113,111,111,106,115,113,112,109,117,96,112,117,106,114,118,124,90,107,100,115,117,86,96,102,109,94,104,104,89,83,84,114,101,111,96,79,111,46,100,98,60,93,85,54,71,74,60,55,51,44,74,72,77,47,79,87,51,51,65,61,38,76,74
122,121,124,120,125,119,124,124,115,123,121,119,125,123,117,122,122,117,124,120,114,118,124,119,125,123,117,120,111,115,124,119,120,119,114,94,107,100,98,106,85,94,107,83,76,68,83,60,86,100,73,94,50,76,52,65,80,39,85,55,24,31,80,28,48,60,23,27,46,48,53,76,71,46,54,51,39,60,68,51,67,69,79,91,57,49,79,86,85,68,100,65,74,75,73,100,107,88,101,113,86,109,114,115,115,104,106,94,111,104,112,116,115,109,114,113,111,117,123,117,115,124,117,101,114,122,112,102,107,114,100,110,93,103,111,117,112,119,86,101,100,96,107,109,89,66,85,73,80,95,96,68,56,72,60,64,57,82,80,72,86,93,64,51,80,90,76,85,74,85,76,69,79,54,67
123,122,120,124,115,120,121,122,125,125,120,123,125,120,121,121,117,121,124,125,120,117,124,119,125,122,114,119,113,123,116,113,107,106,115,111,117,113,118,104,116,74,100,107,112,85,105,103,54,48,77,76,65,66,93,64,79,74,38,44,40,51,38,71,46,44,26,64,54,51,47,38,37,42,79,62,60,60,56,51,86,16,60,66,99,56,86,96,68,51,74,56,104,119,80,96,77,118,102,112,115,99,89,115,118,102,111,107,110,114,110,103,110,92,117,118,119,114,118,109,118,125,118,117,120,118,117,120,111,105,103,115,118,115,111,111,100,112,110,113,111,96,105,99,92,110,80,93,76,69,101,74,105,51,91,103,54,79,77,89,61,92,82,87,77,66,42,74,64,54,77,47,80,86,85
115,121,119,123,122,123,122,124,125,123,123,122,118,119,117,125,122,121,124,120,122,122,121,114,110,121,119,124,118,124,119,120,111,114,118,115,111,87,119,106,96,87,104,86,51,104,83,87,62,90,110,103,67,85,85,68,51,91,60,28,60,66,74,72,55,56,51,73,62,25,56,42,33,39,76,35,75,55,56,38,56,62,85,49,66,60,74,83,94,89,107,86,77,76,107,80,111,87,102,97,98,102,100,106,100,113,114,110,116,99,94,104,116,117,117,114,110,103,107,111,114,107,110,119,115,120,115,118,105,115,113,121,109,106,105,113,110,103,107,80,96,107,107,72,90,98,104,85,76,84,89,96,74,79,62,66,86,72,69,82,67,83,79,55,62,60,77,76,72,75,77,94,46,57,72
118,121,124,124,123,125,121,117,121,122,121,124,118,123,125,123,119,124,121,122,119,123,123,125,124,124,118,116,120,118,116,116,120,112,115,114,110,92,90,91,112,100,60,112,101,77,96,85,89,96,89,56,76,53,51,37,44,82,46,59,51,54,50,46,79,61,48,29,67,53,54,34,67,72,28,60,69,72,61,73,69,76,57,88,60,51,85,89,73,80,100,66,85,86,100,76,91,111,75,115,110,87,94,119,111,116,105,112,121,120,114,120,111,111,115,106,120,107,120,121,119,112,119,109,121,109,110,115,111,112,110,111,119,118,118,107,124,115,106,112,100,101,106,94,103,86,111,114,91,88,85,54,111,85,90,96,79,69,75,60,74,111,96,115,51,60,48,86,34,83,87,73,68,51,96
117,120,120,114,119,123,118,122,118,124,122,120,123,124,124,123,116,123,120,124,119,116,118,116,117,120,123,115,120,115,115,115,117,110,114,109,111,120,100,110,96,110,89,103,104,75,86,95,86,87,72,91,51,59,84,69,83,66,38,67,39,76,67,26,41,31,61,72,30,50,32,40,47,28,62,55,86,51,73,34,71,69,77,64,76,23,91,79,76,103,85,104,77,83,77,111,110,86,104,112,110,106,109,114,114,104,113,110,101,112,102,118,115,113,124,117,122,124,121,112,116,111,124,111,114,113,107,114,116,106,110,107,98,117,110,96,112,101,114,103,94,100,115,89,96,96,109,116,87,69,87,60,103,89,100,100,73,99,66,53,76,100,94,87,107,80,77,51,69,66,68,74,60,74,72
120,118,124,125,124,122,118,124,124,124,123,123,120,124,121,124,120,122,117,123,121,122,115,124,125,118,122,115,122,117,118,104,119,103,124,116,116,96,106,121,101,93,96,104,79,80,109,100,68,68,86,71,85,79,47,34,60,96,56,66,26,53,51,65,20,49,39,50,57,48,42,20,51,44,57,57,38,74,67,60,65,39,42,53,79,95,106,95,84,89,114,96,96,46,115,105,98,109,105,101,111,92,107,112,105,107,111,109,117,101,118,123,118,112,118,117,103,120,120,116,110,115,118,124,116,111,106,101,114,104,117,93,96,105,111,114,86,103,99,107,96,87,83,111,103,85,106,99,94,76,110,91,101,99,91,68,82,68,84,74,61,85,51,80,66,80,67,51,75,74,85,69,95,66,69
122,122,117,124,120,118,124,124,121,125,121,118,123,125,122,120,119,118,125,123,118,120,120,121,119,114,125,119,119,122,111,119,123,120,105,107,114,115,110,103,84,115,73,115,117,85,112,60,74,87,80,79,86,80,85,43,87,60,61,47,69,31,54,34,32,47,37,64,51,60,47,48,53,23,17,61,66,99,60,48,54,46,66,69,72,77,60,69,66,80,79,95,76,86,69,92,105,95,114,121,103,104,115,116,99,111,93,113,115,107,100,115,96,96,103,110,113,113,115,114,122,107,107,104,113,106,119,113,112,109,100,112,100,115,95,112,112,96,95,113,99,96,110,98,91,103,74,111,95,89,85,91,92,80,96,74,60,95,85,92,66,95,35,79,62,83,73,89,96,89,101,34,66,66,95
123,124,121,124,124,119,121,125,124,122,125,125,118,117,117,121,122,121,122,124,125,118,123,115,112,118,124,123,117,120,121,116,121,119,110,118,117,104,111,103,85,113,111,89,112,83,74,43,96,87,56,60,87,85,37,54,68,62,44,32,61,59,32,60,49,35,60,54,47,69,54,54,50,50,60,34,43,69,39,77,65,86,75,57,64,46,47,86,83,76,110,64,76,74,117,76,100,99,107,117,111,105,120,117,103,117,85,119,103,103,112,118,110,121,113,122,107,120,91,110,117,96,107,101,119,117,117,111,105,113,112,114,96,106,95,117,114,119,105,115,85,109,99,94,99,105,114,106,77,87,107,68,80,96,96,92,88,86,57,82,90,66,97,61,101,93,76,73,61,83,86,82,76,47,91
121,119,123,119,122,120,119,120,116,122,121,118,125,124,119,124,120,121,117,121,124,118,121,123,115,121,121,113,112,124,120,120,107,117,113,118,117,99,111,105,106,105,107,71,89,93,85,64,69,54,74,80,85,72,38,60,76,73,51,83,53,66,40,44,60,46,55,51,46,51,86,68,59,68,52,46,89,17,59,53,76,62,54,99,76,67,89,59,101,94,109,47,91,76,101,103,103,102,105,110,116,107,120,118,113,102,114,112,114,117,109,120,115,110,124,113,123,123,109,112,123,103,112,110,107,112,99,113,115,106,112,106,105,115,111,116,103,107,110,91,104,111,109,80,112,79,116,86,107,96,74,93,86,89,90,90,65,84,79,77,86,66,69,68,69,71,67,73,65,89,75,101,66,72,96
123,123,120,122,121,121,117,121,122,124,118,120,125,120,119,121,120,120,118,124,124,121,113,119,123,124,123,122,125,119,115,113,117,115,112,92,106,117,98,103,99,109,103,105,79,89,73,87,91,85,60,72,83,44,34,49,54,56,59,51,83,33,69,62,83,64,38,50,75,62,71,38,69,51,39,33,60,62,72,105,91,85,68,74,73,60,93,84,76,100,105,79,107,96,88,85,80,107,117,106,103,95,113,112,107,111,117,105,104,113,111,110,118,114,117,109,117,114,111,105,119,118,118,104,115,96,122,106,118,111,109,111,117,93,114,111,112,117,107,93,100,86,94,101,113,97,83,96,94,72,107,76,79,60,87,96,96,79,93,74,54,76,72,76,64,66,86,69,69,74,91,85,48,67,94
124,123,119,116,122,125,115,119,124,120,123,123,121,124,117,123,125,117,125,124,121,122,115,115,120,117,124,113,117,112,115,122,121,119,83,123,85,114,83,91,83,93,96,95,94,96,87,76,85,66,62,79,75,73,32,39,61,34,57,29,74,47,55,26,47,43,47,35,66,42,80,64,43,47,37,61,64,74,52,73,31,83,51,57,50,47,109,113,85,100,103,104,95,87,95,98,92,96,97,91,116,105,113,109,115,99,106,114,107,118,105,117,109,118,119,103,115,115,119,114,105,113,114,115,95,106,109,110,114,111,115,119,110,107,113,83,110,115,120,76,91,103,83,109,115,85,103,79,73,85,98,91,84,76,85,62,94,96,89,69,85,94,46,89,84,105,47,87,55,68,62,89,94,93,106
121,123,121,118,124,124,124,121,118,121,123,118,120,125,122,119,117,123,119,123,123,122,120,122,120,121,122,116,114,119,122,113,118,104,112,114,100,115,112,115,85,86,86,89,85,101,96,95,65,42,89,76,51,48,57,46,50,48,54,61,74,32,75,62,69,40,54,62,23,66,5,39,64,34,49,66,48,60,51,59,47,53,94,75,61,61,74,96,76,86,66,103,66,91,89,95,93,99,85,114,102,95,109,123,103,117,117,114,99,110,117,111,115,119,116,105,112,117,110,117,107,113,121,114,116,104,123,82,119,113,96,109,112,117,97,100,100,96,106,74,85,51,117,86,110,89,96,100,50,112,89,56,109,85,76,86,68,67,99,85,79,86,50,83,80,85,74,80,104,77,79,101,87,73,55
119,120,123,125,125,123,120,118,125,124,124,123,123,120,124,124,124,122,122,119,115,123,118,125,122,120,122,116,124,110,115,121,112,111,118,113,117,111,93,104,94,95,103,99,83,103,65,105,66,73,86,76,53,55,61,62,56,71,79,17,64,50,53,34,55,68,37,35,44,44,64,71,74,54,40,85,56,54,59,68,56,66,53,86,56,62,85,105,105,101,85,89,91,101,100,62,92,60,104,112,101,112,89,110,93,111,100,107,100,116,110,114,115,121,110,123,120,110,111,115,115,120,119,110,115,110,118,112,120,117,115,110,101,116,115,115,101,96,104,105,105,96,85,87,89,72,95,79,90,83,103,104,85,110,76,102,79,100,51,55,56,80,93,68,60,79,77,109,66,50,69,79,76,64,93
118,125,122,121,119,120,119,120,124,117,118,120,125,125,124,123,120,121,125,123,121,121,124,123,119,121,118,113,115,123,123,121,115,114,117,109,110,104,94,113,98,102,92,94,88,86,85,69,71,44,62,60,75,26,39,72,48,56,75,37,61,80,34,52,38,48,56,44,46,39,60,51,42,61,43,76,53,47,60,69,64,103,76,54,73,72,94,88,92,66,84,115,68,60,99,85,105,83,100,115,100,113,94,103,113,111,115,107,112,96,119,114,122,113,118,106,101,107,90,118,103,116,111,112,114,101,113,117,111,102,85,103,105,111,104,103,100,93,95,110,104,107,107,96,74,95,89,99,97,85,94,100,73,91,105,91,89,96,90,71,66,73,76,76,87,79,73,66,65,89,52,100,85,86,76
117,122,123,118,125,118,122,125,119,119,122,124,115,122,120,120,122,117,122,116,118,115,120,124,117,123,117,115,112,119,120,114,114,109,117,116,103,113,112,91,111,100,96,97,72,100,99,76,74,55,69,56,56,77,87,47,66,85,85,77,48,69,66,48,39,42,79,49,32,28,60,66,55,60,56,65,72,72,74,79,38,68,59,69,86,60,76,87,79,94,85,74,93,74,106,101,113,107,106,89,109,103,104,112,105,115,105,103,104,111,118,112,107,116,85,120,112,107,105,105,120,104,107,116,111,96,117,107,101,116,116,89,117,110,103,115,113,84,112,94,75,92,115,90,76,79,94,73,74,72,73,90,96,52,60,89,66,66,74,95,73,53,76,71,75,83,72,79,84,67,74,80,96,69,90
123,117,124,124,121,117,122,121,124,124,121,122,123,119,119,121,120,123,120,117,119,124,113,118,124,120,114,114,114,118,120,119,117,105,112,96,79,111,92,96,98,79,97,85,85,53,79,69,93,83,86,59,79,80,76,65,51,74,47,52,72,54,60,39,46,61,17,38,18,44,67,37,68,54,74,69,38,33,60,64,66,71,46,69,71,68,74,74,89,71,75,99,103,93,68,89,97,92,91,85,107,86,115,113,96,109,101,118,106,91,115,103,101,104,117,118,117,115,112,113,119,114,117,98,106,110,112,118,98,106,96,114,111,103,74,96,99,109,107,102,102,85,117,91,113,83,111,107,74,86,82,99,74,86,86,77,84,68,74,85,72,91,64,64,75,91,84,60,61,86,87,93,91,64,100
124,120,117,120,118,116,117,123,118,124,123,124,119,125,120,122,119,124,118,117,115,115,123,120,119,115,122,118,105,119,118,114,119,118,122,111,115,100,106,101,93,86,104,85,89,64,74,48,113,28,66,74,57,60,38,40,34,32,85,48,59,24,71,89,64,27,42,46,51,34,53,39,50,68,56,50,37,62,68,73,48,61,85,54,46,65,74,57,83,69,89,80,97,85,93,71,94,97,107,110,107,96,92,90,93,94,119,111,96,105,117,107,113,116,111,110,100,119,107,95,95,99,115,98,113,107,103,100,116,80,110,111,117,101,99,102,101,80,109,96,114,91,105,107,94,101,110,86,77,84,100,86,100,107,85,72,66,68,64,76,72,68,100,56,77,61,85,92,64,74,51,73,94,96,107
115,117,122,124,122,124,123,114,120,121,120,117,122,123,125,115,115,115,124,118,122,123,120,115,116,125,107,117,118,112,123,111,106,119,103,114,100,109,103,91,101,105,91,59,68,79,74,79,77,54,87,60,68,74,60,44,66,60,79,49,37,47,60,51,79,51,8,38,55,56,64,92,38,42,80,49,34,53,50,74,79,51,88,64,67,66,72,85,64,79,72,74,79,76,75,88,85,104,96,107,101,83,91,97,118,110,115,120,96,100,96,119,115,96,104,109,110,113,117,107,110,104,106,107,89,100,96,116,115,110,113,98,115,94,114,106,104,76,103,91,118,85,95,85,80,86,89,89,101,88,92,87,99,111,86,84,91,69,60,76,60,69,93,74,43,89,82,83,69,85,88,56,91,62,85
122,119,123,119,122,118,122,121,123,120,118,123,117,122,125,124,118,122,125,125,125,117,115,125,115,124,111,121,120,100,111,113,106,110,115,112,115,105,103,114,98,87,79,90,73,74,89,50,72,72,73,54,23,42,73,46,23,43,54,25,62,42,17,23,65,15,23,71,54,59,30,37,47,51,39,23,72,47,42,68,60,80,47,96,39,76,66,76,46,73,89,87,85,104,96,100,83,75,114,93,80,115,95,103,101,80,94,109,117,106,114,113,118,113,89,117,114,114,99,114,107,105,120,101,100,103,109,114,107,89,110,104,93,60,90,86,103,85,79,100,93,115,110,91,97,87,101,109,85,89,105,88,71,90,85,43,61,94,91,79,103,77,96,60,83,80,42,74,66,83,72,86,72,66,85
121,125,121,121,115,115,117,119,121,125,119,124,121,119,117,115,122,119,122,118,120,125,123,118,121,118,110,120,123,117,111,105,107,114,112,95,105,92,85,71,88,103,92,96,110,84,64,93,61,75,87,67,51,47,76,50,52,38,32,49,69,66,66,67,32,48,51,32,56,50,42,48,51,51,60,66,37,51,76,64,33,74,42,47,73,51,77,79,85,73,105,103,84,94,96,103,100,60,74,104,110,99,109,111,118,104,86,89,114,121,114,115,111,111,85,86,100,105,106,92,111,115,96,113,110,113,118,91,91,96,87,92,107,68,94,85,83,99,104,96,83,90,80,106,100,74,94,60,98,83,84,104,93,66,54,86,86,96,89,60,88,76,85,60,84,66,88,103,61,93,79,74,76,96,86
115,124,122,121,125,117,119,120,125,125,118,125,122,121,120,120,114,119,118,120,114,119,119,114,114,119,112,118,104,121,119,110,103,100,99,101,105,100,96,89,94,80,69,93,80,76,88,69,94,85,42,56,55,59,47,54,43,66,67,44,34,25,57,38,39,39,34,26,56,44,23,48,44,61,53,23,64,47,74,100,85,59,55,85,39,92,74,47,68,68,79,72,76,95,73,86,110,82,104,96,107,85,89,98,76,109,111,73,113,100,105,87,106,86,110,96,112,111,89,116,109,113,109,114,85,111,101,111,86,80,105,85,105,88,103,96,99,68,85,87,96,89,69,85,91,100,95,91,103,85,69,72,53,46,85,75,90,94,68,86,59,95,96,73,79,60,79,99,76,85,77,89,103,77,94
117,117,118,120,115,117,124,117,122,120,117,114,121,123,122,123,121,114,124,123,121,116,116,118,107,115,111,120,115,123,112,118,93,110,89,94,91,101,93,107,72,80,103,65,92,74,48,91,86,34,76,80,90,32,85,47,51,42,53,74,60,32,40,47,43,27,42,38,32,51,37,28,26,57,46,61,66,37,79,89,46,61,40,53,54,76,89,75,56,85,74,86,52,80,87,85,85,85,94,104,85,103,91,73,91,96,87,110,118,112,115,87,92,107,93,95,100,104,118,86,99,116,80,105,104,96,105,94,98,85,87,91,103,112,111,74,89,77,61,97,60,51,93,73,98,64,60,86,91,114,96,76,96,51,38,64,38,74,55,76,93,89,95,56,87,57,101,37,100,96,87,84,91,34,76
118,117,119,124,122,120,120,121,124,117,117,122,115,113,118,124,120,123,123,115,124,124,114,121,125,113,119,118,116,104,113,106,104,105,109,115,90,94,103,76,80,94,91,47,72,86,65,44,80,60,50,71,60,74,62,83,51,33,19,38,49,17,51,62,65,42,60,61,25,47,26,44,74,41,20,56,51,48,38,76,46,39,34,86,75,68,61,55,74,76,89,96,64,73,89,74,54,76,83,89,76,84,115,110,83,91,106,105,100,83,93,91,107,110,94,95,79,97,96,77,104,112,104,86,112,99,109,96,79,95,99,95,103,80,100,76,103,64,93,90,77,82,60,89,76,95,93,85,95,65,51,65,80,95,68,61,74,33,83,48,80,74,85,75,77,57,72,60,74,66,85,77,79,69,89
123,121,117,119,124,121,116,123,117,118,122,123,124,119,125,118,119,117,121,122,119,117,120,121,118,115,123,117,96,114,89,103,110,98,107,114,85,92,96,90,60,92,67,85,60,90,74,79,74,51,50,67,56,34,23,50,60,42,51,64,18,50,34,27,42,74,62,40,43,26,29,47,38,60,38,54,66,39,60,51,50,65,48,66,33,79,86,94,60,73,60,83,67,80,83,86,102,64,98,98,60,88,123,93,74,100,99,97,99,105,100,66,83,68,89,103,100,92,56,114,98,101,96,106,61,96,76,37,84,118,76,79,110,107,80,100,84,89,79,97,54,86,76,72,85,80,61,86,79,91,79,37,61,73,96,87,46,85,68,51,73,85,46,46,89,69,71,92,73,59,92,68,72,77,83
122,118,124,125,122,119,119,124,125,122,115,120,120,116,118,122,118,123,115,117,120,110,109,115,117,119,118,119,114,117,117,114,110,98,120,113,88,69,79,79,95,100,96,66,103,87,60,66,47,33,59,60,51,51,67,50,54,69,49,44,37,54,33,41,38,28,44,38,32,37,32,17,60,26,29,54,50,23,51,51,48,64,76,74,73,60,65,74,104,57,44,80,86,96,51,77,69,95,86,96,60,85,101,88,80,85,96,110,103,113,101,101,106,99,96,93,111,76,103,103,96,111,94,87,86,104,96,101,86,71,67,48,77,101,86,85,61,111,86,76,96,69,85,59,57,51,85,74,79,91,82,92,47,79,64,50,83,66,53,79,73,96,27,74,69,69,66,42,61,100,51,56,103,54,99
115,122,120,124,124,118,114,121,125,120,114,123,121,114,121,125,122,116,125,123,118,120,111,116,112,120,122,113,110,120,109,112,118,96,114,103,89,87,114,99,91,51,60,79,99,79,67,59,64,71,48,61,25,37,28,39,10,17,17,27,38,93,39,48,40,33,39,50,48,57,26,43,47,34,17,13,53,38,39,40,50,56,60,68,68,53,61,62,50,87,61,69,60,56,88,48,98,79,74,110,94,64,96,77,57,115,111,86,83,89,85,86,98,87,89,84,100,72,87,106,99,62,107,110,97,67,100,85,98,56,104,72,93,72,85,104,102,76,73,76,96,67,85,32,74,91,87,53,99,74,72,87,64,96,76,82,87,61,44,92,79,64,66,84,68,76,48,86,56,80,66,86,50,60,68
121,122,121,120,120,118,116,118,117,123,124,124,117,116,120,113,120,119,120,111,116,118,112,124,120,116,124,112,117,121,116,89,114,111,112,72,68,105,79,101,95,62,77,85,47,60,60,74,54,47,32,80,23,37,50,60,48,26,42,47,46,25,37,60,35,24,34,49,30,26,53,61,21,34,53,34,54,26,44,53,43,59,44,46,47,44,60,47,57,52,64,69,54,66,85,77,83,74,68,72,55,60,74,86,98,76,71,93,61,91,89,86,76,114,111,65,112,74,96,107,100,79,91,82,109,60,74,101,86,92,109,93,64,76,103,89,85,85,68,94,85,40,83,100,68,79,96,67,60,50,68,69,54,86,101,94,95,72,71,62,87,66,87,40,71,47,59,75,85,60,85,73,74,61,76
125,124,120,123,121,122,123,119,121,121,124,124,125,118,121,121,119,115,121,117,121,112,117,113,111,107,124,118,115,89,113,107,100,107,86,80,101,83,91,89,85,73,98,86,79,62,98,44,76,74,61,46,50,28,47,38,50,35,33,12,44,52,27,26,49,37,21,51,15,13,17,38,44,24,34,39,48,31,29,52,44,60,86,57,24,55,85,37,56,85,68,93,76,59,65,56,53,85,66,79,74,86,80,91,76,85,101,96,86,74,112,94,85,69,89,92,103,82,98,95,96,69,107,80,51,64,104,105,91,91,65,76,74,79,60,76,77,74,38,51,46,73,90,56,61,56,23,69,56,34,79,74,87,60,91,49,85,50,61,60,64,60,79,49,61,73,65,80,69,73,89,105,55,64,72
117,123,114,120,117,121,120,113,120,119,124,123,122,118,114,115,115,122,115,124,115,110,119,113,115,115,114,107,115,105,103,105,100,110,103,94,93,74,88,64,74,74,107,67,73,91,72,51,69,65,60,66,51,9,39,38,38,29,17,23,20,14,21,62,47,47,17,25,24,47,28,34,33,48,27,46,60,51,54,54,53,39,28,37,32,54,39,56,44,60,59,62,51,60,76,76,51,86,94,73,80,83,57,91,77,85,103,98,72,91,100,60,61,86,51,85,93,87,111,68,60,91,77,95,85,90,93,69,68,76,85,87,51,86,77,67,65,79,44,71,64,60,47,42,48,72,69,69,80,72,96,88,39,80,60,85,80,53,53,56,74,80,69,47,71,92,74,57,50,79,71,57,85,85,60
118,124,116,115,116,123,119,125,112,122,115,118,122,120,117,118,117,117,117,121,119,110,116,114,111,118,110,110,105,110,114,92,115,103,106,85,68,96,98,72,104,60,53,57,89,83,76,60,29,48,32,69,44,49,56,49,61,38,15,19,77,54,20,25,38,34,23,48,40,20,17,17,32,41,38,80,54,56,38,56,26,51,46,13,74,23,61,35,69,53,68,103,54,76,89,50,47,68,61,77,83,60,68,103,96,100,56,87,71,85,55,73,72,77,50,68,86,89,104,75,68,74,65,80,56,61,99,60,74,66,85,77,74,113,54,39,94,83,71,96,59,57,82,54,93,76,74,51,73,66,85,38,54,48,61,42,61,89,84,53,46,49,79,69,72,54,48,72,65,92,76,47,69,61,65
115,113,118,119,118,120,117,120,120,120,122,120,115,125,114,124,122,124,117,119,116,122,118,124,118,114,119,112,99,111,110,119,101,104,112,87,74,79,94,101,86,65,85,74,72,61,52,60,77,37,21,51,40,64,39,38,43,20,40,38,41,34,27,28,8,38,46,37,33,25,23,34,43,28,28,42,39,31,37,43,20,66,40,72,46,68,52,51,48,43,46,64,69,47,69,56,60,73,51,62,90,77,72,73,82,83,76,94,99,87,68,73,65,103,101,54,69,62,90,103,76,52,74,64,76,76,86,61,66,73,44,28,55,42,56,84,53,53,91,66,62,31,48,65,42,51,60,55,20,49,56,51,64,43,56,54,42,76,50,32,68,43,51,64,64,53,61,73,74,46,76,79,69,84,69
112,121,124,117,125,125,124,123,121,125,124,117,116,120,121,121,115,120,117,113,120,113,98,112,120,109,112,110,115,102,101,103,99,112,72,94,69,93,84,80,103,69,56,23,42,51,51,71,38,47,46,62,26,48,35,51,34,20,19,15,28,24,32,51,27,24,28,25,32,9,34,35,28,21,13,23,48,38,19,64,47,23,16,52,52,88,69,65,32,68,27,55,60,76,85,74,21,53,65,69,51,38,66,34,79,66,68,60,77,85,72,55,62,66,56,67,91,79,51,86,69,99,66,55,60,50,76,40,68,44,75,54,72,73,85,73,51,42,87,66,76,50,68,64,64,62,86,64,60,42,37,47,86,35,50,68,44,60,44,79,42,85,68,47,72,37,79,73,57,68,87,66,94,96,75
122,123,122,120,118,120,119,113,118,120,124,119,124,119,124,120,111,123,118,122,114,114,116,115,121,105,99,115,100,114,86,103,99,105,96,92,88,74,76,85,98,88,64,43,99,59,47,62,64,32,38,37,42,37,39,47,21,47,42,32,24,26,26,15,15,13,21,40,46,26,34,6,60,38,34,9,13,29,28,74,39,15,14,33,26,51,73,39,40,68,74,60,48,73,33,34,50,76,66,71,43,80,32,87,44,74,53,39,50,39,54,64,71,61,75,29,86,73,87,61,34,60,46,61,85,42,79,59,48,49,86,68,39,85,65,69,66,40,30,54,49,59,46,76,56,66,65,39,48,47,67,72,54,39,28,48,49,61,60,62,51,79,39,39,28,53,75,90,99,28,71,73,60,76,60
114,119,124,123,118,112,124,121,115,122,123,117,117,121,118,123,112,122,114,121,113,107,117,118,117,107,117,118,118,107,85,115,112,92,97,93,64,90,101,96,96,60,60,91,64,46,65,29,27,67,61,56,42,46,39,18,37,15,27,23,4,29,32,17,38,27,34,42,12,16,8,27,8,60,26,25,51,35,60,39,42,32,17,23,31,60,76,17,53,55,62,38,51,43,56,56,46,39,86,72,83,64,47,74,51,74,65,89,39,74,74,50,38,61,66,66,68,43,51,56,76,85,51,69,69,64,32,49,33,61,89,38,31,39,80,74,34,64,68,39,86,47,68,60,66,57,74,92,27,55,29,53,51,59,50,66,53,56,47,46,50,60,69,60,80,72,47,56,69,76,60,55,72,42,73
125,114,117,115,119,119,125,120,119,123,118,124,121,125,117,119,114,111,125,116,110,119,119,117,119,120,101,113,111,109,117,114,98,107,89,77,64,86,61,96,83,91,74,64,57,54,56,68,60,54,57,32,60,38,27,25,24,21,33,17,17,17,17,25,7,13,18,31,18,44,30,48,39,64,29,24,26,33,17,13,42,30,34,24,56,38,33,30,14,55,48,26,32,62,39,35,47,85,61,49,56,64,51,55,54,42,83,57,72,51,60,11,68,59,46,50,50,73,51,65,57,68,67,34,65,46,17,19,38,47,79,74,53,34,32,66,38,11,51,96,26,37,34,32,72,51,61,51,50,13,61,35,76,51,60,54,95,62,43,38,56,25,32,62,51,68,46,66,54,68,76,76,66,42,87
120,121,115,124,117,122,117,115,110,123,118,115,120,118,116,123,122,124,115,117,117,117,120,111,112,120,112,104,112,107,111,91,111,76,85,65,99,67,95,66,74,76,76,94,59,26,61,48,42,34,44,23,14,31,17,50,42,26,37,34,38,19,33,26,48,42,35,37,51,34,34,28,55,6,19,39,20,40,34,18,20,31,28,27,51,42,31,18,32,30,20,37,72,40,46,44,46,61,42,51,60,32,57,66,62,76,73,68,37,38,53,57,43,80,67,53,68,71,32,62,69,60,44,26,43,53,24,77,57,60,50,40,21,23,56,25,27,48,44,62,54,47,66,14,42,60,25,51,30,41,42,46,30,33,60,51,56,38,38,80,40,61,51,44,65,91,66,82,51,69,96,96,83,79,74
117,124,124,114,125,125,116,125,120,122,124,112,122,109,115,120,124,117,121,110,118,116,115,95,106,109,103,106,112,105,112,115,109,110,73,96,85,77,51,87,85,56,91,87,32,48,69,31,42,18,23,26,30,44,38,32,15,33,51,15,14,46,25,28,55,9,9,32,25,46,23,24,11,27,7,19,21,12,30,48,31,26,19,25,44,62,46,51,28,50,44,42,53,25,60,28,54,33,44,53,47,38,32,59,54,56,33,28,59,55,74,47,51,54,40,38,42,40,79,47,72,48,74,46,55,51,54,26,39,40,34,47,68,28,48,76,32,56,47,39,46,33,30,37,28,25,12,38,35,53,49,51,39,42,28,51,47,34,55,64,44,72,43,28,76,60,57,77,38,55,49,60,62,53,82
119,118,120,119,123,121,118,115,120,124,113,120,114,121,122,115,120,123,116,114,121,123,110,120,118,117,118,105,118,109,87,117,100,102,96,83,73,86,80,93,73,46,68,51,42,65,53,51,85,42,47,26,17,54,31,27,17,17,20,51,32,27,6,8,25,27,14,24,8,29,27,26,23,17,39,51,10,13,23,26,39,47,30,40,33,48,16,38,51,34,50,44,44,26,61,48,33,32,53,60,23,48,23,66,42,55,37,46,49,35,20,17,60,23,27,44,31,51,55,32,37,51,51,62,69,65,48,49,40,39,48,37,51,38,15,34,34,69,26,44,23,46,21,44,50,23,26,54,44,74,34,38,19,34,38,52,86,74,46,25,86,60,53,41,32,44,86,38,28,67,66,94,52,73,85
123,122,113,123,117,124,120,119,118,114,121,125,115,117,117,119,119,118,107,115,105,123,125,122,110,105,121,115,109,94,117,104,103,80,114,93,102,73,66,104,85,74,77,85,64,47,14,53,23,44,17,25,38,42,42,8,21,27,41,31,11,51,19,49,15,25,31,20,8,32,32,23,13,16,32,23,18,26,31,18,34,54,35,34,27,9,20,35,17,26,14,32,27,32,17,43,62,44,41,48,33,23,37,60,61,25,64,60,34,72,27,60,47,21,43,33,39,43,48,39,46,42,53,51,33,59,68,39,20,38,39,25,43,44,17,23,11,43,56,23,34,39,44,60,17,39,38,31,35,32,32,52,67,28,39,56,41,33,65,42,62,50,57,52,64,66,51,85,68,76,74,66,53,61,68
118,124,120,115,122,123,124,125,117,122,118,123,118,117,119,117,123,120,113,115,120,114,119,113,111,109,112,89,99,115,106,110,113,96,91,115,48,85,61,71,60,73,82,54,76,39,74,60,38,48,39,33,17,61,26,29,5,5,32,31,26,33,8,31,13,17,17,11,17,6,5,28,11,17,16,20,27,13,41,42,25,13,5,32,28,12,16,24,26,29,47,40,38,35,27,28,52,27,32,47,64,48,54,53,24,46,51,38,50,39,49,53,55,29,34,54,30,42,48,31,38,37,52,38,13,34,26,56,26,33,29,44,8,18,39,59,39,26,54,26,60,33,59,42,65,34,20,73,17,17,7,32,54,31,39,53,17,39,50,29,61,60,38,57,46,51,23,50,61,46,64,29,72,86,60
114,117,122,117,118,117,117,111,117,121,124,120,116,122,112,114,119,118,117,113,123,104,117,112,120,111,110,116,113,101,104,95,118,77,89,87,79,88,89,76,44,80,84,26,50,96,34,59,47,20,23,60,38,28,18,26,25,32,34,60,28,11,13,37,20,5,21,10,35,18,39,28,23,1,17,30,16,34,12,3,8,11,13,13,8,23,29,30,19,23,37,39,51,37,48,28,40,51,26,33,38,7,54,34,51,32,19,43,50,46,44,23,46,42,38,61,47,39,26,34,54,69,32,26,44,66,27,17,68,32,39,8,28,23,21,35,30,44,39,37,17,54,30,18,31,14,34,23,60,34,37,65,33,24,31,32,28,44,29,34,48,27,17,39,54,48,60,68,53,46,35,75,60,76,96
112,121,115,114,114,121,125,124,118,120,120,121,110,115,112,120,114,114,115,123,117,118,121,115,104,118,116,116,110,86,112,89,105,53,99,93,67,101,66,56,74,60,25,62,72,66,54,60,65,47,29,43,27,21,35,33,12,20,18,17,6,27,24,28,2,18,26,8,33,20,5,41,14,15,8,7,10,14,39,40,17,20,44,33,13,17,51,35,26,35,39,46,53,42,15,25,42,46,39,30,12,15,38,28,28,48,23,44,47,11,61,9,17,40,29,20,32,30,17,14,29,20,33,29,31,38,17,19,38,21,60,37,26,20,37,18,24,47,25,38,34,32,38,32,27,37,32,27,30,25,26,15,40,33,51,38,35,59,13,53,26,47,49,29,42,28,97,43,38,66,44,64,85,76,74
119,123,119,122,118,118,119,122,116,115,121,113,115,117,124,117,116,119,124,122,115,120,119,121,119,110,117,117,113,115,111,87,93,65,92,69,88,52,99,60,91,26,59,66,51,69,66,44,12,40,67,27,38,20,44,17,23,40,6,21,16,6,38,20,17,10,23,1,21,12,13,7,29,6,21,28,8,20,23,20,8,34,13,38,51,42,28,27,34,51,17,17,13,15,43,19,23,38,34,21,23,42,17,44,21,26,32,48,26,27,25,12,5,19,51,42,50,13,12,28,34,33,11,23,15,28,54,52,17,42,34,44,28,38,12,17,14,33,15,15,9,8,50,48,39,13,56,27,17,38,38,40,51,51,60,47,26,32,33,46,26,39,30,32,72,54,80,39,62,40,54,53,62,66,47
118,121,123,118,123,123,121,124,115,115,119,119,114,115,118,123,111,120,122,109,125,117,114,95,112,107,112,115,111,115,89,76,110,94,99,76,105,73,53,62,67,51,42,55,60,52,39,38,50,39,46,32,76,21,42,35,16,13,12,5,18,26,3,15,31,27,7,7,20,1,27,6,2,12,38,19,15,4,8,9,28,16,3,49,20,14,32,43,16,25,15,21,34,30,26,38,35,44,17,4,37,32,33,32,25,42,55,29,17,27,17,21,8,28,26,23,17,6,16,38,11,28,28,26,32,26,31,23,18,30,35,25,11,31,38,41,11,51,16,24,29,23,33,42,28,17,42,24,39,38,7,50,38,21,34,39,46,17,35,44,42,26,38,67,47,76,46,68,32,51,56,50,37,56,37
118,117,115,118,119,117,119,121,117,123,118,123,121,122,118,117,113,119,124,120,107,114,111,109,119,112,117,113,106,91,103,69,89,85,77,89,100,96,79,48,69,61,96,61,69,43,37,26,60,35,39,56,38,31,34,32,27,31,19,26,23,10,24,23,11,27,17,4,17,12,11,15,5,6,23,21,23,2,15,21,33,5,32,5,8,19,9,33,29,55,23,3,6,47,30,31,29,12,38,27,20,13,23,17,16,39,35,11,35,42,21,43,20,23,26,2,11,32,51,18,34,18,26,27,35,33,5,25,20,23,17,32,17,56,40,6,35,19,21,15,23,29,4,15,26,14,9,35,38,8,21,44,39,8,50,44,56,46,64,73,16,37,56,38,34,39,44,33,86,39,26,61,47,95,80
122,120,125,124,117,116,124,124,118,125,119,121,124,117,117,122,121,116,118,123,117,103,106,118,113,124,103,110,107,118,110,100,112,80,113,97,74,80,75,86,59,66,72,76,57,30,29,55,39,25,56,35,38,5,11,44,38,26,32,19,23,6,26,6,23,17,16,21,20,34,8,4,21,12,6,17,12,24,1,2,7,28,2,17,1,25,16,12,13,26,32,38,27,16,39,11,26,13,17,23,30,31,17,15,32,13,35,14,16,44,16,38,8,29,39,8,39,25,37,9,13,30,34,27,19,17,28,26,15,28,17,3,18,31,6,32,39,13,17,3,26,34,30,32,27,26,23,15,28,40,30,5,27,74,44,23,26,34,76,38,23,26,51,61,16,47,47,21,67,49,64,76,74,83,38
118,112,122,113,122,120,119,120,113,115,124,120,119,119,118,120,112,114,115,123,116,113,110,119,117,94,105,114,105,95,96,89,95,88,87,106,85,85,85,73,62,76,92,53,56,64,51,26,52,51,42,27,12,11,40,28,18,38,34,17,7,8,37,2,21,25,13,5,23,6,23,6,14,14,28,17,29,27,9,3,11,17,33,8,23,10,27,13,25,17,23,10,42,12,33,12,37,21,17,26,29,44,11,8,26,34,12,24,28,21,8,29,20,7,13,39,12,40,26,17,26,29,19,38,8,23,8,13,26,14,21,43,19,9,32,20,6,38,3,11,13,9,14,51,12,28,29,13,21,8,19,29,32,48,42,13,33,38,9,38,60,51,32,48,25,53,55,34,64,60,68,68,69,85,75
115,118,122,115,123,125,118,121,116,118,115,123,113,112,115,115,117,115,120,112,110,109,118,122,118,115,104,112,118,101,111,93,73,102,95,93,72,76,69,66,83,84,69,47,26,56,56,62,38,23,29,33,35,23,33,9,23,51,34,9,19,27,12,9,21,8,33,8,31,7,7,21,16,11,40,11,32,8,15,21,23,23,6,10,38,3,13,11,48,17,8,34,8,20,40,14,23,28,6,12,19,19,25,18,6,6,27,19,12,46,5,12,15,4,44,23,17,16,28,33,20,38,50,18,17,18,24,13,11,20,4,18,40,16,23,32,10,12,12,26,50,26,25,20,17,23,42,33,18,23,5,20,21,39,66,13,23,47,27,42,25,64,20,60,38,85,49,44,42,60,23,79,68,94,57
121,118,116,114,119,114,119,117,123,117,120,123,115,123,125,121,96,119,117,124,115,115,117,99,116,120,86,114,114,104,109,104,92,86,100,86,77,75,50,86,68,79,60,42,50,35,38,64,46,17,23,28,66,3,42,20,34,35,25,25,5,19,28,50,11,11,5,17,34,8,18,4,8,25,5,9,20,17,3,9,5,6,7,20,7,14,5,8,9,21,3,18,25,11,19,19,15,13,11,6,8,20,21,2,44,12,25,47,11,21,26,18,27,14,14,12,13,38,11,23,35,31,32,8,18,34,7,11,33,8,26,17,8,3,13,9,42,21,17,23,24,7,17,51,8,21,32,24,11,25,12,19,26,17,27,24,33,28,32,28,26,8,38,56,19,25,54,60,50,53,72,71,62,52,44
120,117,117,113,115,120,123,117,118,117,119,125,114,120,124,103,125,111,118,124,118,119,121,109,121,123,107,96,94,115,100,103,109,89,110,60,101,49,89,79,76,48,55,61,33,38,44,47,61,14,61,37,15,38,54,38,29,14,8,44,23,33,17,6,38,27,1,14,13,25,28,26,7,8,3,14,26,9,26,27,3,8,11,32,15,4,4,5,27,14,5,15,18,9,23,19,17,20,15,27,14,13,18,15,29,32,8,13,14,7,38,8,17,23,11,17,33,17,24,34,16,41,33,25,12,27,17,34,9,28,11,13,14,21,8,54,11,4,29,8,25,7,15,23,43,12,16,15,34,12,17,24,60,3,44,35,38,28,17,49,53,34,35,64,54,99,49,47,51,28,62,51,60,60,74
117,111,118,113,115,111,122,116,118,117,121,124,121,120,120,117,115,123,121,114,117,107,113,107,114,99,111,104,117,89,115,110,91,107,96,85,66,94,92,74,34,86,30,37,74,54,60,42,32,47,43,34,26,9,24,21,21,26,17,13,30,16,21,21,23,13,12,9,24,4,5,14,23,17,14,7,21,20,12,7,13,6,14,2,8,9,23,24,6,16,23,6,15,17,51,5,25,5,8,18,10,25,17,34,11,17,15,5,33,10,13,26,11,23,8,38,23,9,5,25,6,54,15,15,26,3,39,15,4,38,26,6,23,4,11,11,20,21,5,11,8,10,20,34,12,9,8,15,25,14,8,8,32,55,18,51,33,37,18,60,43,76,42,60,48,39,47,48,48,42,64,34,83,35,50
123,120,121,103,118,124,117,121,119,118,112,111,110,104,118,112,118,120,117,107,114,117,119,107,91,118,112,109,114,115,93,98,101,79,85,69,69,60,87,74,91,47,84,40,74,32,38,72,37,39,77,51,17,32,68,44,32,25,27,38,28,18,25,18,34,12,15,20,6,5,13,9,44,7,16,4,37,2,12,9,4,2,27,20,2,18,17,4,9,13,8,17,38,13,24,21,23,16,38,13,8,8,11,12,14,23,32,15,19,27,17,25,19,27,6,18,26,25,7,8,5,30,5,11,17,23,11,10,38,32,5,23,2,35,13,23,6,8,8,12,16,13,6,23,18,16,26,6,17,14,23,26,16,33,20,11,44,44,5,46,20,51,23,23,38,27,30,44,34,46,69,67,84,38,51
115,111,119,114,123,124,119,115,115,113,116,120,118,101,116,122,121,118,117,112,117,112,114,115,109,114,100,115,106,118,111,106,98,94,64,79,74,105,57,54,95,53,60,72,73,47,52,57,51,51,32,37,35,30,32,34,17,39,23,26,12,32,5,8,8,15,8,14,8,11,17,19,6,5,8,8,40,13,11,34,15,15,12,9,21,17,11,13,13,24,9,14,21,7,3,29,46,32,10,12,14,9,8,13,23,20,20,11,2,15,3,9,5,11,6,23,20,20,1,7,13,23,8,44,4,6,4,15,39,7,19,27,3,17,13,9,1,16,6,27,9,4,20,26,17,8,13,13,11,27,12,25,32,27,43,7,39,23,54,30,35,29,51,33,37,34,53,50,47,69,73,32,60,69,42
124,125,123,117,117,117,117,115,115,124,117,119,109,123,117,116,115,115,119,112,116,122,115,122,112,118,112,110,96,105,95,100,85,74,83,83,80,69,89,71,73,100,39,60,69,42,26,67,50,17,39,46,27,33,18,6,8,38,35,13,16,34,3,20,24,8,6,4,15,17,18,21,3,12,15,11,17,17,6,32,29,18,21,10,16,11,5,24,27,30,32,7,32,26,9,8,14,13,34,11,15,5,33,12,26,6,4,7,21,19,14,25,19,5,20,23,28,19,15,6,8,19,14,32,9,9,5,19,17,8,23,8,12,26,13,14,25,15,2,33,11,15,14,13,6,8,37,27,32,20,17,19,21,26,34,11,42,54,26,37,34,34,25,15,41,33,34,25,61,38,39,31,65,69,60
115,118,119,114,118,110,113,117,118,117,124,120,115,121,119,120,114,125,114,113,112,107,120,111,103,124,97,100,110,104,95,96,86,111,107,99,72,91,68,72,73,71,54,61,51,38,46,61,46,42,34,28,57,35,33,25,16,12,42,32,23,12,23,6,11,10,42,1,13,4,9,8,20,18,17,17,11,23,13,14,17,5,13,6,19,20,25,13,16,29,11,17,9,6,9,27,20,18,18,13,20,19,6,2,7,32,5,32,26,20,5,24,5,17,27,27,13,17,17,9,12,13,19,16,6,9,4,6,20,11,13,6,11,15,21,13,17,6,10,2,25,15,3,31,7,38,5,34,9,43,28,24,5,35,28,37,27,20,8,34,28,69,40,32,55,69,38,43,44,54,72,52,85,71,66
121,118,122,114,121,107,95,115,125,120,120,124,117,115,121,118,124,117,113,122,117,118,118,98,114,104,118,117,115,104,109,101,107,85,95,97,62,73,88,66,51,56,54,65,85,74,64,42,40,34,52,37,25,23,26,33,19,6,27,10,11,26,17,8,13,37,26,27,39,15,11,11,28,14,15,19,8,14,2,12,5,23,5,7,14,6,8,18,3,14,50,46,5,6,14,14,13,6,23,9,8,42,23,10,17,15,24,13,13,23,17,5,33,10,8,30,20,26,5,5,8,1,11,7,2,44,34,28,2,20,11,21,6,7,9,12,5,20,24,4,16,20,5,21,34,15,11,15,19,21,2,11,6,40,10,39,25,21,33,51,18,24,53,51,47,15,76,26,60,51,32,62,55,40,38
117,111,115,121,115,112,119,125,115,117,120,118,117,122,119,120,120,113,124,100,111,114,117,115,101,113,113,107,103,106,91,114,101,87,94,92,86,90,80,107,51,79,77,38,57,68,68,29,38,60,26,35,46,51,34,32,19,69,19,33,28,39,6,35,25,32,8,25,54,8,16,20,9,20,34,19,8,25,12,16,23,8,7,3,15,23,23,6,32,19,18,30,23,5,6,24,10,9,13,17,14,21,28,26,3,7,13,11,5,3,6,8,23,2,16,23,10,8,6,14,7,12,25,21,7,26,13,32,3,10,18,5,14,15,8,18,6,8,26,6,3,8,5,32,9,17,5,10,10,39,18,33,6,18,11,24,51,53,8,28,24,20,38,64,73,56,50,47,69,35,43,34,32,87,42
110,119,117,124,121,110,120,121,115,115,119,118,114,110,107,117,112,111,99,110,115,116,110,117,113,112,114,103,79,110,109,92,101,98,114,101,51,76,60,100,54,85,73,60,60,55,71,66,69,57,23,41,26,17,52,35,26,37,17,20,44,21,8,13,5,32,6,26,17,13,5,14,5,12,21,5,17,20,8,21,3,9,8,8,2,15,25,35,16,17,7,4,12,3,17,19,3,10,34,5,15,8,3,6,2,20,11,5,8,10,13,2,12,6,6,4,5,11,18,29,2,6,8,17,20,23,23,6,5,6,9,17,8,34,12,13,13,15,13,11,9,17,10,5,4,16,33,8,1,11,24,2,8,11,26,31,38,26,38,52,39,26,49,32,5,52,18,49,39,26,38,73,21,60,96
123,113,117,115,113,124,105,103,112,122,115,110,116,123,123,119,120,118,117,113,121,124,117,110,114,115,89,87,100,105,107,102,111,96,117,61,74,86,72,95,69,103,86,51,50,77,44,60,50,38,85,56,60,51,39,50,46,50,34,32,9,18,38,46,13,24,21,18,31,32,7,23,8,4,6,20,7,6,19,26,10,3,17,25,12,15,5,11,14,17,11,3,27,14,17,5,9,3,20,32,13,11,12,21,6,23,15,11,16,8,4,20,11,4,6,2,6,11,18,6,17,9,6,4,7,7,11,8,4,10,13,5,18,14,8,23,26,18,7,19,9,21,19,7,11,8,12,33,25,17,21,8,32,26,9,23,15,13,43,60,38,35,42,23,20,27,61,61,50,77,53,56,75,62,43
118,117,118,115,117,125,123,120,112,116,119,120,124,120,111,121,123,117,112,111,121,118,107,120,120,119,107,104,118,110,114,113,90,107,60,76,96,104,89,72,51,99,74,53,76,39,64,61,54,60,46,12,55,44,49,60,42,9,34,17,28,12,20,18,19,14,23,11,12,38,12,28,26,12,11,5,17,14,4,6,13,20,11,10,13,31,11,5,20,25,26,13,21,16,27,9,25,3,8,26,17,6,16,2,25,20,17,7,6,14,20,11,19,7,5,11,8,3,26,15,9,33,11,6,9,35,13,8,7,6,6,1,3,7,6,21,23,11,14,21,19,23,34,23,6,39,16,6,9,23,12,29,10,34,37,35,54,47,37,47,32,33,28,32,21,42,38,53,68,13,40,55,80,71,61
119,117,107,116,115,114,117,113,120,124,122,115,117,116,116,117,120,114,110,120,114,119,110,119,109,85,117,119,110,112,114,110,113,112,89,96,82,90,109,91,79,47,68,74,96,74,64,59,26,80,17,66,46,34,56,28,44,17,11,39,26,23,32,3,7,8,11,25,11,31,31,18,17,40,16,4,8,12,11,5,16,27,23,12,9,18,27,8,16,21,2,27,20,25,13,11,16,14,15,1,11,21,7,32,5,10,15,12,33,2,17,11,25,26,2,14,12,21,5,5,1,5,6,19,9,13,9,11,51,6,9,5,3,16,7,19,23,14,28,6,8,13,14,50,13,20,10,33,7,37,34,16,40,11,26,47,15,17,17,48,28,39,66,67,76,31,53,42,43,39,42,30,62,85,51
112,118,118,115,113,96,119,121,117,115,115,119,121,118,118,111,116,119,115,112,99,121,115,113,114,105,112,103,117,96,109,112,76,93,98,79,110,57,85,60,69,60,76,85,65,69,68,55,48,64,51,74,42,34,40,20,24,28,40,23,26,14,60,37,38,18,6,14,24,27,17,20,2,24,24,10,38,12,59,25,23,17,6,11,6,23,17,26,15,17,8,6,32,13,5,12,13,23,18,6,12,20,16,13,17,8,17,15,14,19,14,21,15,13,6,15,1,12,14,13,15,3,4,16,2,5,26,11,25,1,2,6,9,17,9,20,4,4,9,15,24,15,8,26,29,26,15,17,23,26,19,27,17,38,38,20,21,14,18,32,31,50,28,32,20,73,49,93,48,51,37,68,59,74,48
119,110,122,120,118,121,112,115,117,118,117,114,115,118,124,121,112,115,100,115,112,121,115,118,110,110,109,115,115,104,105,117,95,103,109,105,69,107,103,94,79,65,85,73,99,101,60,69,57,48,29,62,55,38,46,24,37,13,43,17,44,44,13,26,26,9,33,13,23,21,11,8,23,13,17,34,32,17,14,20,15,23,4,15,28,17,19,23,19,13,12,3,10,17,8,13,25,17,9,14,35,10,2,20,20,12,3,3,5,8,4,4,9,23,20,17,4,3,9,8,23,12,3,17,6,27,39,5,17,14,17,8,21,6,19,6,16,16,11,15,20,2,17,14,18,15,17,8,38,6,14,32,24,25,42,23,39,38,28,26,15,57,19,35,40,53,28,49,66,57,68,86,57,56,60
104,100,117,109,119,111,118,95,113,112,124,114,119,120,121,96,116,104,118,111,104,104,100,111,112,120,115,113,112,85,103,115,114,66,86,83,112,96,66,79,100,67,72,62,51,76,68,37,66,48,47,19,59,50,47,37,40,31,18,28,26,21,38,19,51,37,26,12,35,8,27,19,18,14,15,26,9,17,21,10,25,25,7,19,26,5,12,30,7,18,5,7,8,18,11,21,7,32,17,24,39,13,34,17,7,6,11,4,30,8,17,13,20,9,18,8,28,11,25,6,5,5,7,11,6,4,1,18,13,13,4,13,20,20,11,5,7,26,5,8,5,26,19,1,5,12,19,14,21,37,17,37,23,51,37,50,23,28,38,32,64,38,27,51,51,55,23,47,56,60,76,54,73,47,51
101,111,115,115,120,107,117,121,119,105,116,118,118,122,112,123,106,123,117,110,105,111,109,118,107,117,115,111,111,105,96,100,92,99,116,101,105,91,88,89,83,66,84,86,65,42,72,33,74,69,50,39,28,51,35,34,42,38,38,23,26,31,11,32,15,20,26,32,25,13,9,21,29,3,11,5,11,4,13,27,28,9,50,17,15,13,16,21,46,2,6,25,9,2,19,5,13,19,7,44,17,21,11,24,12,13,7,11,6,11,14,6,13,11,9,21,15,7,17,26,25,8,6,8,9,8,19,5,31,8,10,7,14,23,5,38,20,25,27,38,18,19,28,13,33,51,8,18,17,44,57,34,23,38,32,27,35,20,60,28,20,42,50,37,51,44,71,39,62,42,38,59,74,85,57
109,117,112,113,110,116,117,115,115,120,124,124,114,118,117,116,112,119,113,99,106,115,119,123,113,117,113,104,98,99,111,118,96,114,103,96,89,74,69,100,89,73,60,98,96,79,47,68,72,40,86,44,60,51,46,32,44,47,33,39,42,48,14,13,12,38,38,12,7,30,21,24,35,5,12,23,14,21,11,5,13,19,15,5,8,19,4,10,16,28,5,16,25,12,8,38,2,8,2,43,6,26,5,13,11,1,40,8,19,7,25,8,3,5,32,12,19,21,6,2,17,5,15,14,10,34,26,7,3,12,25,12,14,9,8,8,20,26,9,2,18,7,11,7,19,34,14,21,10,26,25,8,21,26,43,48,33,37,25,24,31,41,35,61,42,34,60,41,91,43,54,23,32,90,72
110,119,110,114,106,120,103,111,118,114,117,104,116,103,106,114,115,113,97,111,115,107,112,117,121,110,107,114,114,99,96,79,107,88,107,83,74,86,75,87,76,74,99,110,60,56,57,56,51,74,72,34,30,14,42,27,56,37,51,32,31,40,6,28,60,28,8,16,32,27,25,23,19,11,6,51,56,25,8,20,7,23,16,8,13,19,19,23,16,23,13,10,13,4,34,32,8,12,4,23,15,11,8,8,5,8,16,8,26,11,15,23,18,19,17,12,23,16,11,20,12,7,11,38,20,7,8,23,5,3,42,20,9,23,27,8,12,13,38,13,5,12,20,9,30,11,19,37,30,31,26,28,16,46,9,20,23,29,34,42,34,34,61,17,52,65,44,53,74,87,94,64,69,71,95
116,117,109,115,120,106,117,90,120,91,119,120,122,105,117,118,114,115,110,105,122,89,116,102,114,113,103,99,89,111,107,90,112,103,114,98,90,85,60,79,71,105,76,49,51,50,41,44,67,60,43,61,87,53,60,56,55,42,37,38,30,44,73,17,32,31,25,30,15,13,14,23,39,21,17,13,33,11,39,42,9,32,21,18,26,39,12,26,11,38,5,11,8,7,7,46,14,21,18,3,2,26,8,13,24,15,16,20,7,3,16,15,10,28,26,8,6,16,11,3,13,14,1,26,11,12,15,10,14,8,3,5,7,8,21,6,14,28,13,5,35,8,17,6,26,37,17,18,17,19,25,28,48,14,24,5,26,13,37,47,34,30,39,83,53,53,68,74,50,46,74,51,74,86,53
111,118,111,115,99,112,124,112,111,107,123,86,111,118,119,103,117,112,105,111,104,110,109,106,115,111,112,110,103,103,76,89,104,110,87,89,96,76,90,79,86,94,103,79,55,74,51,37,66,61,52,28,57,71,83,43,38,53,24,19,34,43,43,41,39,18,23,37,28,29,20,25,21,17,20,5,42,8,20,12,53,34,26,21,9,38,27,26,26,28,2,13,15,52,17,6,39,7,26,21,23,11,12,25,12,23,18,15,11,25,6,13,17,21,6,31,3,7,11,13,6,9,11,17,18,35,6,9,4,15,13,16,4,17,5,13,23,16,1,14,19,17,10,25,47,25,5,38,35,24,54,32,20,42,53,32,32,7,57,76,38,50,56,38,40,21,40,71,49,51,60,68,65,96,83
104,117,112,120,111,110,113,123,107,104,110,89,105,118,117,104,111,117,96,113,120,100,110,99,54,101,89,98,112,86,94,86,90,115,60,72,77,85,100,75,67,72,85,74,71,60,79,57,64,73,39,23,60,46,39,44,34,52,51,54,44,32,42,34,34,17,66,23,13,23,34,24,17,16,17,14,23,26,17,32,13,11,9,35,24,4,28,26,61,11,23,14,8,4,24,15,27,11,7,13,11,6,18,7,24,20,26,31,29,11,29,26,32,17,3,6,14,9,5,10,1,3,24,2,39,17,6,2,7,8,38,4,4,17,18,14,10,26,8,15,11,8,18,15,15,11,51,48,9,17,40,43,46,17,44,37,42,66,15,38,39,35,68,47,51,66,85,60,74,72,80,85,88,87,50
102,82,86,91,115,115,103,105,117,100,100,104,107,103,101,98,119,115,121,119,100,110,109,92,112,86,74,96,105,103,109,94,101,113,87,101,110,93,79,79,72,90,68,57,88,72,56,75,76,103,74,68,51,68,52,38,30,26,51,28,40,27,46,26,42,9,23,66,32,47,33,23,19,13,40,32,30,12,21,60,34,38,23,34,8,19,51,16,23,17,7,31,35,17,26,34,16,13,23,17,15,20,21,30,21,14,15,17,47,28,15,21,12,11,5,25,34,25,10,18,13,7,12,18,24,11,10,5,7,12,14,8,18,25,21,32,13,25,54,11,25,19,32,23,20,18,32,39,48,39,12,26,48,31,33,34,13,54,17,51,74,66,62,34,32,60,42,47,31,60,76,85,92,76,74
110,118,103,112,107,114,105,107,100,85,104,110,111,95,96,113,110,113,113,115,99,103,117,107,90,85,107,117,95,99,96,85,101,85,90,85,85,91,99,64,74,86,59,96,93,72,91,38,76,39,38,38,56,34,46,64,60,60,47,43,55,61,20,23,51,53,43,35,14,24,14,33,23,33,26,29,26,17,51,23,32,27,28,33,11,31,44,8,26,16,12,27,29,10,44,31,32,11,9,34,42,11,50,5,26,15,20,16,8,23,23,13,29,8,20,23,8,18,8,13,8,31,14,10,17,26,20,17,14,12,15,51,8,10,31,20,18,8,6,15,12,26,34,10,26,27,11,50,60,23,20,5,24,34,47,28,21,42,44,64,74,68,77,47,38,41,60,54,86,69,74,79,76,54,99
109,113,109,101,91,96,114,106,96,107,115,112,107,102,114,93,114,114,99,111,111,79,104,115,103,104,116,91,100,104,102,98,93,100,107,96,83,92,73,84,92,60,34,69,80,85,96,69,71,80,50,51,75,44,42,47,43,38,49,30,33,39,35,26,19,6,48,25,30,60,31,18,34,26,27,44,57,17,25,32,6,37,25,24,14,38,21,17,32,14,20,14,21,39,13,18,3,20,19,14,2,35,26,10,23,32,26,28,14,51,16,4,12,7,20,18,38,14,20,25,8,42,20,14,17,13,32,26,17,16,2,34,11,35,39,12,33,28,9,44,42,16,21,28,23,48,42,46,17,37,38,20,29,23,55,49,51,47,19,38,50,64,53,66,47,48,37,57,43,69,94,56,74,69,86
107,79,118,90,112,114,120,105,85,88,104,115,111,120,72,110,109,104,107,103,86,114,103,94,98,96,95,73,115,87,80,75,82,101,71,97,103,98,93,96,80,86,85,77,99,75,74,43,66,72,69,48,74,57,61,28,73,50,69,33,31,74,38,51,23,44,39,39,31,39,42,32,24,50,46,39,13,17,27,29,23,9,9,42,15,28,12,18,29,26,8,9,37,14,14,42,38,11,10,39,15,16,32,13,15,26,34,17,8,27,43,23,19,33,26,32,24,13,16,23,8,3,17,11,13,8,37,6,5,6,32,6,12,37,11,15,21,9,24,14,8,32,26,13,14,8,34,28,44,17,23,72,30,51,42,65,35,13,50,62,23,43,77,72,61,51,67,57,39,60,66,68,93,66,105
99,87,112,68,83,91,115,107,101,98,117,68,103,79,115,83,111,100,87,107,109,91,112,88,71,111,114,86,107,90,104,73,94,60,95,101,88,115,87,80,79,85,61,79,101,73,86,60,74,51,52,66,73,37,87,32,54,44,51,28,85,56,32,50,43,31,44,39,38,47,34,27,37,21,39,38,20,25,28,13,34,47,34,52,37,23,6,19,39,25,8,26,15,17,34,7,25,3,10,27,32,30,39,53,23,25,26,38,41,18,21,3,26,23,26,48,28,39,17,26,32,13,11,15,23,11,19,41,15,23,47,40,8,6,12,15,23,8,13,9,17,6,28,34,17,44,40,32,38,25,24,62,32,46,68,60,82,60,76,32,76,61,72,48,85,83,64,66,35,82,80,88,73,75,69
85,110,86,57,102,104,111,94,103,109,95,111,99,93,107,118,79,94,99,85,105,96,107,99,80,85,96,89,83,85,76,91,99,86,100,104,110,83,40,73,95,76,60,85,72,73,89,71,85,44,44,35,67,60,56,39,53,33,60,46,38,42,44,43,27,33,23,40,47,33,37,69,26,23,33,28,17,25,13,11,24,23,38,68,31,32,46,21,7,17,27,23,19,37,12,35,26,50,46,34,51,17,20,48,37,12,14,16,46,39,32,17,8,5,25,23,24,34,15,27,24,1,10,27,39,27,12,14,42,13,11,23,6,14,13,15,7,18,18,13,27,33,18,53,28,23,17,11,30,27,34,26,46,38,31,64,38,30,33,47,74,39,84,85,69,50,42,99,74,97,99,86,66,60,98
99,87,86,89,80,83,105,115,94,86,106,104,99,107,71,68,87,115,73,102,106,111,79,117,112,110,110,103,93,88,85,104,93,103,91,85,83,86,85,47,74,76,107,66,54,85,96,55,76,80,61,60,60,86,55,74,65,34,80,71,39,62,60,46,26,32,42,35,42,64,13,32,40,34,28,26,51,42,26,41,48,17,47,47,39,32,21,47,35,46,25,42,39,31,12,39,11,27,9,13,13,28,42,25,28,20,7,26,51,28,15,18,15,17,8,14,34,26,19,37,11,27,17,27,28,24,24,8,38,39,53,55,27,17,46,47,18,18,28,38,12,24,61,32,50,30,13,34,32,37,60,69,35,57,52,47,72,79,37,47,60,74,74,60,86,60,68,53,69,60,51,85,94,74,72
109,106,74,96,85,83,71,66,85,65,68,90,113,76,80,86,95,76,99,85,110,50,96,76,104,92,100,91,103,96,76,107,89,92,105,85,72,48,93,69,84,73,50,65,60,60,64,57,46,53,72,67,69,74,48,42,72,49,60,33,53,66,44,42,51,40,42,59,48,69,17,11,53,25,47,32,60,39,24,33,24,42,32,41,12,26,29,33,31,25,20,28,13,32,14,54,21,20,17,24,26,40,11,28,34,8,15,19,32,34,27,37,17,8,20,24,38,8,25,64,38,14,4,18,21,23,10,28,28,26,20,31,23,26,18,19,28,20,23,25,26,26,56,28,54,51,23,13,21,60,48,65,51,34,47,48,60,40,60,66,74,82,44,66,50,64,90,24,61,62,77,83,92,85,60
89,96,79,101,103,72,96,55,93,74,77,101,64,88,80,74,111,65,107,84,97,83,105,93,64,92,72,90,74,76,60,85,93,100,72,71,67,64,96,80,90,54,68,65,83,93,83,69,49,96,69,43,72,56,42,52,32,53,37,68,77,31,60,67,44,38,59,21,34,38,67,51,26,50,27,52,50,54,49,44,46,40,37,26,51,11,44,31,60,51,9,38,55,24,38,26,8,16,9,23,16,32,32,13,9,34,33,11,16,54,39,25,33,19,42,21,48,34,32,30,39,28,10,34,5,29,40,27,33,20,8,42,15,30,35,23,33,23,42,30,51,34,62,21,37,26,27,40,32,25,42,49,54,17,61,60,40,62,68,66,54,60,56,69,33,86,87,76,83,89,91,72,80,83,101
105,60,92,69,86,60,110,100,87,91,85,85,96,73,84,90,94,89,55,85,72,92,100,66,85,101,77,86,86,95,64,46,86,69,66,59,82,82,77,73,87,85,91,94,47,74,79,75,74,68,28,34,65,51,64,79,69,27,51,51,74,64,29,57,47,74,39,76,38,17,20,54,40,42,10,39,67,56,34,27,64,31,38,42,19,34,27,33,48,21,17,17,39,28,34,31,34,51,21,20,43,12,21,6,27,21,23,26,15,44,13,23,29,31,38,38,39,21,46,46,12,26,6,3,11,7,27,33,17,32,26,48,24,27,26,21,14,37,46,20,16,43,52,14,37,47,38,44,52,47,42,54,40,55,64,87,73,65,59,61,76,90,54,71,100,79,72,62,90,47,79,82,90,111,83
76,73,61,69,76,90,105,87,85,89,97,100,91,60,103,54,92,77,60,56,94,83,62,87,116,85,85,82,74,57,80,107,61,82,74,89,84,100,61,72,76,44,64,67,71,92,71,67,83,69,64,42,60,51,53,47,32,54,50,49,72,47,16,55,34,69,48,66,56,42,33,15,39,19,43,51,28,35,25,48,23,50,62,11,21,44,35,39,39,46,47,42,20,66,13,6,15,44,15,10,26,28,51,46,53,23,24,55,26,17,46,29,26,35,25,51,43,62,35,14,40,23,33,47,20,39,33,12,43,20,69,38,25,37,33,18,34,26,42,35,41,32,25,38,64,46,26,17,74,68,52,37,55,33,64,57,74,28,67,51,62,67,60,62,68,68,60,86,76,103,74,103,79,99,99
34,68,51,73,44,85,86,51,86,103,74,66,79,82,83,67,53,61,86,74,75,73,104,91,74,80,68,74,71,73,80,105,100,85,54,76,89,107,56,56,82,52,69,101,100,54,73,68,37,59,79,73,72,59,44,35,91,68,60,46,77,72,60,28,60,11,27,25,54,44,55,41,24,32,49,51,13,28,34,31,13,20,28,69,26,50,38,32,35,25,23,43,23,20,69,27,38,15,52,11,51,18,59,28,44,46,23,43,56,42,6,51,14,47,11,20,13,26,32,17,43,60,26,15,26,56,21,32,25,29,33,23,66,30,55,29,42,23,37,18,49,28,54,37,33,42,44,43,34,34,43,47,80,68,28,47,39,79,59,80,42,74,67,61,66,73,76,85,76,69,105,91,73,64,74
66,73,69,64,53,79,72,65,76,65,79,76,74,52,85,98,100,87,79,75,80,88,56,80,84,75,74,51,76,74,93,85,87,86,68,86,76,85,85,53,77,47,57,60,76,47,64,85,53,57,86,34,85,73,69,55,46,32,54,38,85,50,42,51,44,72,62,76,51,60,23,55,52,39,60,8,64,33,40,73,26,43,44,38,34,43,56,44,34,27,14,64,68,19,16,5,27,28,17,38,51,30,15,50,23,23,35,15,17,23,28,54,32,38,32,48,39,46,33,21,51,9,13,43,17,30,51,33,13,44,23,32,32,39,35,37,53,28,40,24,25,38,39,38,54,50,56,48,44,53,38,79,43,55,48,42,66,44,40,51,88,86,66,60,69,93,55,60,69,96,98,104,79,94,66
54,40,85,32,46,60,88,71,42,60,96,32,85,74,60,80,85,51,23,76,39,82,80,76,84,66,85,85,71,100,77,76,96,85,69,76,51,83,80,65,54,56,46,68,84,86,77,86,65,89,39,88,51,56,66,38,83,86,44,79,68,43,60,32,69,42,38,34,46,17,44,47,48,38,32,61,54,48,37,41,55,40,50,26,55,74,44,26,14,50,60,59,25,31,29,47,42,35,34,67,25,54,17,52,59,39,28,62,26,41,32,39,56,42,42,49,35,8,38,25,47,35,54,30,57,60,48,62,38,32,34,27,34,32,51,23,60,48,60,54,53,27,32,34,26,39,52,48,48,42,60,61,87,92,80,74,62,65,72,60,66,56,79,105,85,94,85,54,80,93,68,91,102,96,92
54,41,32,34,74,57,60,46,51,64,42,53,24,76,51,26,56,55,73,79,66,72,44,74,89,57,64,86,47,76,67,79,60,83,75,86,40,60,57,55,76,74,66,74,57,50,96,85,77,54,66,69,54,75,40,79,61,64,51,60,32,23,62,34,52,53,26,46,51,28,60,29,23,37,38,71,51,46,38,60,40,76,47,42,46,52,38,54,31,47,28,60,40,39,27,42,13,66,38,51,32,38,38,46,24,32,44,48,37,25,34,47,64,39,40,51,59,38,44,23,42,60,23,25,14,34,44,24,46,34,61,38,42,18,17,37,43,47,39,47,69,42,46,26,73,38,94,34,76,26,71,50,23,76,54,67,67,73,68,60,54,94,99,75,61,86,86,91,100,87,88,76,86,113,76
60,38,42,42,73,72,69,85,55,54,69,53,65,19,38,66,64,69,80,38,67,64,54,74,69,61,68,76,53,73,68,61,72,65,73,60,60,87,67,60,33,51,75,61,26,80,54,54,71,80,38,39,74,44,60,68,57,80,61,33,69,96,76,38,66,43,38,48,85,44,42,34,47,52,56,44,30,34,49,51,38,53,48,25,41,40,40,42,17,60,10,51,35,64,56,68,48,23,44,34,43,48,56,23,50,53,54,50,40,60,8,51,37,42,20,26,47,33,54,42,21,48,37,48,39,28,27,38,37,68,50,39,26,44,42,69,37,56,15,48,47,68,32,28,65,51,44,83,68,62,89,60,54,75,69,71,75,54,87,85,60,55,75,87,80,76,100,104,95,98,96,82,99,60,93
57,48,53,64,59,16,48,55,38,38,57,37,57,60,68,54,33,44,42,57,76,87,56,54,76,60,56,74,50,74,56,44,69,64,85,86,53,61,85,96,64,69,68,74,54,60,48,55,46,76,80,54,26,76,47,85,65,54,51,46,26,28,90,68,47,24,53,46,48,49,51,54,67,46,74,51,54,47,50,39,54,46,85,42,38,69,79,26,56,67,28,74,68,26,17,68,33,26,38,15,47,49,27,60,23,66,83,38,42,13,61,11,50,44,33,60,34,66,69,23,61,26,37,46,38,43,47,27,44,43,54,39,60,67,51,47,27,65,34,60,53,56,61,62,51,57,69,56,57,56,76,57,46,60,74,53,76,44,66,94,80,74,98,60,82,76,89,91,88,74,96,95,95,112,83
34,44,46,38,47,39,57,53,59,61,47,29,51,53,17,51,28,60,71,85,47,68,34,60,67,52,46,51,26,33,79,38,85,74,57,56,76,73,60,65,47,44,39,53,94,85,62,74,26,72,71,66,46,35,51,43,74,50,66,64,38,53,60,42,57,51,60,76,55,37,64,35,47,31,41,44,51,37,17,55,56,27,35,42,39,34,29,48,68,48,61,73,48,43,41,60,38,60,39,46,15,37,35,37,46,65,51,37,49,33,32,38,42,54,33,35,47,44,21,35,40,44,17,32,43,57,44,60,48,57,60,21,38,85,46,50,34,38,40,72,74,51,71,60,66,73,65,73,60,72,40,53,79,103,93,44,61,76,69,68,101,74,73,74,96,111,69,77,99,91,107,93,96,84,79
34,47,48,21,56,53,74,44,32,60,35,51,26,37,33,24,96,61,73,50,51,42,29,49,48,47,43,56,87,50,35,60,26,38,38,55,71,38,40,44,53,56,46,68,73,83,61,67,75,43,42,57,53,64,68,65,62,67,39,61,74,95,56,64,61,50,80,92,76,50,54,38,42,42,32,27,61,60,54,33,12,47,26,50,71,68,64,34,61,52,72,38,60,66,52,46,56,38,73,72,42,41,37,38,40,48,51,69,27,28,64,46,76,38,44,74,31,60,56,54,51,53,47,61,39,60,32,50,56,46,76,83,32,66,68,60,79,64,61,83,26,43,83,54,66,74,50,31,42,47,91,46,47,83,69,86,64,47,65,89,74,88,99,109,80,93,85,99,100,91,93,86,99,94,79
18,21,17,31,24,48,42,48,26,39,57,38,65,21,33,55,66,32,20,41,48,46,60,61,76,39,44,66,51,68,44,53,60,51,60,50,34,44,76,47,48,61,60,76,40,48,56,55,51,65,60,68,73,54,50,59,48,53,55,39,37,38,34,66,50,33,53,54,50,39,57,38,48,49,33,76,21,61,42,61,46,60,38,37,49,14,50,60,57,18,73,51,20,44,44,21,28,30,46,40,60,52,74,38,32,54,39,73,56,39,54,34,37,51,12,66,50,39,42,46,62,26,51,54,38,46,68,69,48,44,80,62,55,48,62,61,74,77,32,55,32,59,50,61,76,74,59,85,50,60,42,79,92,71,59,60,96,77,82,88,90,76,68,104,64,90,60,93,83,100,92,76,74,86,100
26,61,37,32,19,26,32,26,42,24,33,30,52,42,56,32,44,44,48,23,21,25,26,26,48,51,37,73,32,26,37,54,48,49,49,39,27,64,39,55,43,52,65,54,69,85,59,51,76,56,61,73,44,85,51,62,48,38,53,33,43,50,40,39,27,54,73,79,60,16,54,69,23,47,80,54,47,76,44,50,77,61,39,54,69,53,34,60,60,49,50,59,32,46,56,40,51,19,15,68,60,62,49,40,54,60,33,66,73,20,53,47,51,32,56,51,62,61,38,66,76,55,42,38,51,44,33,54,39,66,39,67,32,48,76,35,48,74,73,60,68,85,90,40,65,38,74,39,34,60,72,53,85,76,72,74,82,79,77,89,53,69,76,62,68,91,89,73,102,80,98,73,94,102,95
33,15,52,23,40,49,35,37,27,31,60,34,11,35,17,14,29,26,51,53,49,60,29,24,42,48,51,43,32,23,21,43,55,39,34,73,72,37,66,48,64,33,42,52,72,73,38,39,52,79,68,23,51,47,38,86,57,60,51,44,60,72,38,52,65,37,44,37,48,59,47,60,26,47,39,56,46,57,39,34,26,60,50,32,48,33,39,59,56,55,76,69,89,57,60,74,69,23,56,25,76,59,61,47,47,60,32,26,64,35,57,37,47,33,46,60,43,68,44,59,94,46,68,26,56,73,27,76,26,96,60,23,59,54,54,51,60,39,74,73,80,48,57,73,56,76,69,86,85,88,85,73,100,107,96,85,60,61,88,94,82,96,85,96,66,100,87,51,99,74,96,110,91,104,104
32,26,34,8,26,44,18,39,11,38,30,60,51,28,44,30,54,9,20,56,64,39,8,13,31,27,33,43,38,19,44,11,33,56,26,44,60,39,39,62,44,42,74,60,76,35,40,71,61,94,33,66,68,55,60,50,66,47,60,42,60,48,46,14,72,54,25,29,86,43,67,90,50,51,51,33,37,25,47,66,21,60,51,68,61,69,79,44,51,66,64,74,46,64,27,21,32,37,34,26,42,42,68,53,43,46,53,68,83,61,60,54,44,64,54,60,85,24,51,55,37,51,49,54,76,54,61,64,74,51,68,65,32,44,79,48,71,69,66,72,67,38,65,82,66,64,76,88,66,68,87,79,91,105,48,93,68,92,98,68,105,83,73,88,96,114,64,86,89,107,93,74,97,94,115
13,31,54,34,33,34,29,25,31,37,11,18,20,33,34,60,17,39,5,14,32,44,46,42,23,38,47,38,54,20,32,44,28,34,38,33,34,46,52,28,26,32,37,38,75,54,44,59,51,29,57,40,80,47,72,37,54,61,73,44,12,74,57,46,60,34,21,44,39,27,64,74,42,72,34,93,51,60,57,74,60,27,86,60,66,39,46,68,47,86,61,71,40,57,62,54,60,65,52,47,25,48,51,65,57,54,51,50,87,68,73,38,72,74,85,74,53,54,69,49,33,38,53,79,66,53,82,61,56,71,47,44,79,72,62,64,91,85,48,51,57,76,74,96,87,64,51,61,76,74,64,69,101,74,86,88,88,72,96,76,60,103,101,74,71,115,91,72,103,96,106,101,98,100,103
23,34,18,13,16,23,42,59,17,26,39,27,15,12,21,43,20,31,26,15,66,20,30,54,35,26,74,13,34,46,24,42,59,48,17,38,47,42,56,44,32,23,20,32,17,15,85,27,60,51,56,39,39,39,46,48,29,62,32,33,16,54,38,29,51,32,56,31,23,75,53,35,69,43,33,83,60,55,76,67,40,26,57,84,67,74,85,34,47,80,52,43,23,53,31,51,50,48,32,54,61,68,46,66,64,60,60,33,73,74,48,71,87,91,68,55,48,85,73,47,34,89,47,56,59,25,60,72,68,38,60,76,51,74,53,60,79,85,76,62,85,68,42,72,51,66,79,60,85,51,99,66,56,94,86,94,61,107,79,86,85,86,112,56,85,84,66,112,117,76,90,105,104,85,74
20,17,20,14,32,21,5,28,21,8,28,27,47,32,15,27,17,23,35,15,21,39,28,16,46,37,21,33,20,51,39,35,30,37,48,37,25,50,38,27,61,53,23,50,52,29,59,66,38,87,60,26,74,74,17,69,73,46,65,47,60,43,38,51,50,38,42,37,60,51,56,49,61,39,34,68,69,46,32,46,62,57,62,38,66,60,54,54,51,54,53,44,69,51,68,79,68,68,51,38,56,35,39,44,60,39,49,56,80,46,43,60,85,69,51,60,38,87,96,91,60,83,44,85,57,72,71,65,72,38,68,44,74,73,50,74,79,96,86,94,76,68,69,94,85,35,97,85,65,74,74,91,84,101,91,60,69,97,71,89,99,96,91,92,99,105,99,96,90,90,62,111,104,110,67
38,29,18,10,37,17,34,17,11,12,23,13,25,11,25,11,25,23,21,15,7,18,24,17,11,14,26,18,24,44,20,18,11,21,32,54,20,25,17,23,15,20,39,53,34,49,66,37,25,35,47,43,33,34,76,60,39,73,44,32,68,23,64,66,51,44,33,79,17,47,93,53,18,53,54,51,33,42,38,42,66,66,74,69,25,38,103,42,38,66,65,66,26,33,61,66,84,65,65,32,47,69,26,54,51,85,32,72,56,51,60,69,51,96,76,74,67,48,71,51,38,74,73,80,50,95,97,39,33,60,82,48,69,53,76,73,88,79,74,66,95,46,87,62,85,80,79,68,85,86,72,73,89,76,118,99,90,64,96,94,73,97,112,86,111,96,76,107,102,103,84,94,93,91,120
24,10,27,7,24,7,23,2,3,8,12,19,26,5,11,26,16,29,5,15,19,17,13,2,13,23,15,18,27,15,44,19,68,60,37,26,20,15,48,31,18,35,25,60,48,37,46,17,24,11,25,34,62,27,47,51,30,37,42,26,56,33,23,72,28,92,54,40,61,76,68,42,67,65,64,48,44,34,47,35,32,87,48,56,68,64,66,21,64,27,79,42,34,40,76,47,44,50,83,60,74,47,32,34,76,42,62,51,64,85,66,85,84,65,72,73,60,72,64,76,51,60,68,44,66,68,93,48,91,73,56,69,80,86,62,47,34,77,89,79,77,60,104,107,89,115,91,64,95,87,79,89,56,87,92,95,96,74,74,92,85,88,84,77,94,91,96,113,98,93,92,97,60,100,99
23,26,27,13,25,13,5,26,17,6,21,7,17,21,5,5,6,26,34,17,34,5,6,8,17,14,18,11,34,13,23,7,17,44,26,33,26,9,35,59,32,40,33,13,25,37,38,44,32,50,31,33,17,44,38,39,51,46,48,31,55,43,50,48,23,64,65,39,66,34,57,31,44,29,39,73,62,37,38,44,53,64,34,47,85,86,28,60,37,60,59,29,86,61,55,55,72,60,60,61,34,66,48,68,65,64,75,69,38,33,60,71,76,75,83,26,79,85,76,55,48,74,64,60,71,66,51,68,80,66,74,59,54,72,85,85,38,74,60,91,73,80,83,94,73,96,75,60,103,101,96,99,98,54,68,73,82,105,96,107,79,64,93,107,98,65,100,89,99,91,112,96,85,105,103
20,13,8,27,25,20,3,17,8,26,17,4,2,1,12,37,31,13,23,16,8,11,3,4,23,27,42,17,26,25,39,19,21,29,19,23,24,8,18,38,23,38,60,27,34,51,71,48,13,51,26,64,32,32,38,25,54,76,8,61,47,43,74,56,15,26,65,55,50,40,34,74,80,48,47,52,32,15,44,56,75,39,68,40,32,67,48,64,56,74,55,59,48,38,74,56,80,79,64,61,67,74,77,89,52,93,74,48,38,87,39,74,79,44,93,74,66,23,88,72,56,56,89,66,66,110,89,100,92,64,74,48,60,103,55,59,86,82,62,54,94,91,85,79,107,84,80,54,76,38,93,86,96,74,76,102,102,101,106,79,87,60,103,95,104,85,88,95,109,85,91,112,115,94,87
23,26,15,10,9,11,5,13,18,10,8,4,8,14,8,7,8,27,32,8,2,6,18,20,13,19,13,20,44,7,20,23,43,18,34,32,12,13,21,17,17,8,19,34,67,26,27,20,24,14,26,33,43,50,42,43,64,44,20,28,57,19,61,57,25,43,60,74,37,57,62,37,38,34,30,42,33,74,87,47,50,47,38,65,83,61,48,33,60,66,31,69,49,69,73,100,32,62,71,48,69,61,69,64,69,61,49,51,74,42,60,90,66,44,53,38,69,64,74,71,66,59,79,93,72,76,79,94,74,50,101,95,87,84,93,76,101,79,97,100,76,100,100,51,66,90,85,88,88,105,83,86,112,94,85,109,95,93,89,103,111,90,103,89,107,96,80,117,112,85,103,92,89,111,104
9,6,1,17,20,10,17,23,21,20,25,15,9,11,2,23,4,4,3,6,13,24,17,11,6,12,9,7,21,14,3,15,5,25,20,23,27,40,32,38,28,23,11,26,48,29,47,32,39,11,35,25,34,20,48,51,23,48,40,14,27,38,54,9,26,38,34,47,38,27,56,76,46,54,51,86,65,61,61,39,41,54,33,60,67,39,32,39,56,48,80,80,68,50,65,74,60,75,67,27,86,66,79,51,76,62,61,57,64,67,86,26,85,38,46,83,96,39,76,86,69,74,75,76,56,85,117,68,86,53,96,65,89,73,55,77,85,105,96,99,85,86,101,111,90,86,97,90,85,104,90,72,71,110,98,62,79,100,87,74,97,104,76,91,100,104,84,114,75,105,114,103,99,99,104
5,10,11,24,10,25,11,7,2,12,13,10,6,5,9,9,3,6,25,6,17,9,5,12,8,17,5,18,5,8,7,17,11,6,16,17,13,8,17,11,40,15,13,23,21,14,28,13,37,23,53,33,23,72,27,23,51,66,53,72,37,33,21,37,47,53,48,51,59,79,32,33,32,53,18,26,71,80,48,42,64,26,33,77,46,47,34,67,51,38,26,87,72,62,38,51,26,89,72,66,51,59,64,55,54,86,76,51,76,73,72,59,86,85,57,80,85,60,77,85,74,88,87,105,96,79,38,89,76,83,74,85,96,59,61,85,93,60,74,102,84,79,68,101,105,103,93,110,76,107,53,72,96,73,51,107,104,96,118,94,105,48,101,76,105,97,103,92,85,111,83,96,102,91,85
13,11,23,5,6,8,13,23,20,6,1,4,4,7,12,12,5,14,3,3,7,14,3,14,6,6,7,4,2,17,14,13,31,1,26,14,24,19,32,20,13,31,23,31,21,8,13,55,27,19,37,27,42,17,18,37,69,17,42,18,60,35,30,61,76,61,54,54,39,32,60,53,48,40,28,56,55,59,56,26,60,50,43,19,67,69,35,43,71,74,61,47,96,76,34,66,61,53,59,76,67,68,72,80,65,38,66,83,99,66,103,69,72,85,89,57,60,79,26,40,64,94,72,83,92,112,90,75,48,75,89,91,98,77,89,79,71,100,85,80,87,88,103,96,83,90,96,89,99,90,91,99,112,92,85,96,103,86,102,96,85,105,61,87,104,94,115,107,86,74,66,112,94,104,107
8,8,7,10,5,18,9,15,5,9,8,13,3,8,17,20,5,7,6,8,2,31,4,1,21,1,19,5,11,16,6,13,4,18,20,7,40,18,2,17,14,52,17,38,23,37,27,17,25,33,38,24,60,31,32,15,55,38,26,35,46,67,54,38,17,56,17,15,40,61,43,44,66,37,66,40,69,23,48,51,66,39,64,80,32,31,38,48,60,40,55,43,61,25,85,87,86,96,42,50,86,66,60,68,35,60,64,61,53,60,64,50,83,68,80,88,95,76,35,89,60,77,60,77,53,80,103,82,107,60,103,92,74,76,92,105,61,68,74,76,95,73,85,85,97,74,89,82,84,103,86,95,91,76,62,91,105,95,96,76,114,85,95,90,99,82,82,92,87,110,115,95,106,86,74
5,3,6,4,5,8,3,11,18,7,6,8,9,10,12,2,2,4,9,5,8,3,16,15,5,8,13,18,12,3,7,11,1,5,13,44,25,2,18,17,29,17,7,17,2,15,26,6,35,39,51,17,34,31,43,8,44,25,46,56,18,28,44,20,69,23,50,39,43,26,34,56,42,38,26,32,57,73,82,46,74,60,38,38,37,37,95,76,51,60,66,60,62,68,42,61,64,44,48,82,61,60,47,60,62,49,74,79,33,55,104,73,64,67,85,74,60,85,44,69,51,72,54,76,85,87,88,64,66,104,103,94,93,72,74,94,106,59,74,114,105,106,96,99,85,69,79,94,101,110,90,106,72,83,110,104,105,100,80,98,85,95,103,104,98,74,99,94,112,99,106,96,94,80,107
8,3,12,1,2,5,4,4,3,8,2,5,4,6,15,8,17,5,6,1,5,8,12,9,8,23,9,21,11,24,6,15,12,8,8,11,6,6,31,8,13,37,6,11,10,24,6,48,23,23,19,34,44,23,35,38,25,24,44,29,43,32,34,55,76,43,60,16,68,54,73,37,50,46,39,33,51,76,61,47,33,55,25,51,66,46,30,62,23,47,80,44,29,38,77,74,55,73,69,62,55,56,77,91,72,64,57,93,66,74,65,76,71,89,55,53,86,90,64,109,95,56,89,85,71,79,74,87,115,80,87,73,83,80,92,79,107,74,82,99,60,93,106,101,103,88,96,105,114,101,107,111,87,66,84,117,91,107,95,113,112,65,107,92,104,96,107,83,105,103,95,60,104,98,96
6,26,7,16,5,2,6,6,4,1,9,4,3,7,1,12,6,15,35,3,3,2,9,6,10,6,6,12,14,8,4,2,13,21,26,7,11,4,15,13,7,3,5,8,5,18,5,13,32,13,38,5,14,17,39,13,20,17,34,20,28,51,39,42,18,34,51,68,42,52,21,38,42,32,54,47,72,60,44,54,54,39,53,48,51,44,42,44,65,28,72,76,54,73,76,51,61,80,57,68,85,73,84,37,74,51,51,69,86,68,85,94,54,76,91,72,76,79,96,83,96,79,92,91,89,79,100,65,98,76,85,77,107,114,112,99,90,89,100,99,110,94,107,105,74,113,111,96,110,103,111,85,96,111,112,85,99,103,76,94,93,89,100,87,107,76,83,107,113,98,113,91,87,100,71
34,19,12,11,9,6,4,7,8,5,12,11,13,5,2,9,8,4,10,4,2,4,6,4,3,3,2,5,8,1,2,18,9,2,11,23,3,19,29,4,4,10,8,5,11,3,20,21,38,33,14,25,32,20,20,27,5,74,30,39,46,21,44,56,35,12,88,44,53,21,54,38,40,44,60,28,55,26,68,76,44,74,46,51,31,60,64,68,55,85,56,44,86,64,54,87,64,50,65,75,60,76,66,46,51,62,91,88,65,72,92,60,100,79,86,66,74,69,65,94,99,51,103,94,107,113,80,99,51,93,95,101,66,89,107,87,93,96,89,96,86,84,96,110,117,100,87,98,104,98,97,99,99,93,107,94,105,83,87,118,111,105,107,111,96,96,86,118,109,95,86,114,95,100,119
27,6,4,6,13,8,4,17,2,8,6,3,2,7,1,2,6,4,2,5,16,9,4,7,5,10,20,11,4,9,1,6,6,3,7,20,10,5,1,17,17,24,12,8,14,28,35,20,29,28,52,40,19,38,20,54,12,13,30,37,57,25,13,48,30,44,20,11,12,47,34,48,47,27,61,53,54,29,32,39,33,61,43,55,32,38,30,42,55,80,42,64,51,40,60,60,85,60,79,49,33,60,79,65,96,84,89,89,67,66,85,65,91,64,67,46,76,100,85,74,79,74,86,66,103,93,91,80,103,98,87,86,62,85,113,87,105,76,74,80,87,100,96,85,118,106,69,90,102,96,103,120,112,85,91,111,111,96,104,79,102,80,110,86,89,92,100,92,77,116,93,100,117,85,87
5,8,13,23,14,15,11,15,2,15,2,4,4,5,2,5,5,2,5,1,5,8,8,4,20,2,5,6,13,8,14,7,3,12,13,14,8,23,14,23,26,19,13,13,8,10,23,21,32,18,11,27,6,32,24,21,25,39,21,24,25,43,51,49,28,66,12,26,33,38,19,23,26,30,43,34,23,32,20,60,50,18,52,27,37,25,39,34,51,33,54,77,48,40,73,55,42,48,82,57,69,76,67,66,56,64,59,64,75,68,86,100,103,76,61,95,101,89,69,80,86,85,66,89,79,109,96,85,107,97,109,85,95,77,74,72,99,67,91,97,101,98,93,109,91,103,114,96,107,98,115,93,95,92,91,99,95,100,86,86,107,66,94,91,104,115,110,79,94,76,113,98,106,84,98
4,11,1,9,2,5,18,3,9,5,8,4,3,1,2,2,6,1,7,11,3,13,2,17,1,11,7,8,2,4,5,6,4,8,1,11,7,7,17,18,6,15,8,21,7,39,13,26,8,25,13,11,80,12,17,47,32,34,26,52,39,38,47,24,25,24,34,51,67,41,42,44,37,34,20,51,39,48,71,24,30,42,32,25,51,55,40,56,49,74,73,39,79,76,60,48,24,60,47,59,34,74,69,47,56,86,76,65,71,76,86,72,86,88,61,50,72,114,67,60,96,105,94,82,87,101,77,105,59,96,49,100,82,83,107,71,107,94,85,107,86,107,104,105,105,115,76,111,111,86,94,113,104,115,92,74,93,101,68,109,85,94,105,105,87,95,104,77,105,64,107,60,83,106,80
7,4,9,14,14,3,12,13,11,4,6,1,11,7,6,4,9,8,1,7,8,8,8,9,12,10,3,7,4,2,5,11,1,2,17,13,15,8,16,13,12,15,1,18,13,8,5,10,18,9,50,17,5,19,19,42,33,17,16,28,27,12,21,23,60,42,7,32,20,32,27,29,33,51,42,26,46,62,38,34,47,26,38,42,30,53,38,42,42,61,54,57,28,56,46,49,74,76,50,68,54,60,61,73,80,85,53,72,87,43,93,79,66,93,76,42,104,73,80,79,84,82,92,87,60,71,85,95,84,79,94,91,97,76,88,80,96,114,73,88,87,94,62,112,106,89,85,110,114,109,99,87,89,107,86,111,114,106,103,91,110,115,117,112,110,85,111,80,71,85,107,105,86,83,107
19,9,11,6,7,2,13,3,6,12,6,5,8,11,2,5,9,14,7,3,1,5,2,14,6,8,7,4,6,2,6,8,3,25,4,2,1,5,2,3,12,5,8,14,9,21,11,15,17,17,14,13,15,35,12,17,30,20,13,34,26,20,20,12,35,44,33,28,25,32,17,54,25,60,44,47,28,8,32,40,46,32,37,44,28,26,43,42,47,66,44,64,34,57,29,74,60,66,74,57,73,85,60,80,55,68,91,73,66,60,83,105,86,83,88,66,96,87,94,77,99,100,76,80,79,100,86,74,76,80,87,79,107,98,95,104,85,59,101,103,89,86,89,100,106,115,113,111,115,112,73,101,118,117,98,115,110,118,97,111,103,100,106,97,104,66,86,105,107,103,69,104,110,100,89
2,5,2,21,2,7,8,5,7,3,1,4,5,7,2,3,4,14,3,1,2,6,5,7,3,11,5,13,11,5,7,5,3,4,4,12,14,3,7,3,25,3,20,17,4,12,23,11,25,16,14,18,26,6,31,18,24,19,25,39,54,31,9,37,23,26,39,43,43,35,44,11,40,8,38,60,54,8,39,66,49,47,39,38,38,35,46,57,66,38,51,51,40,47,42,39,65,46,61,76,72,73,64,38,59,71,82,68,89,89,75,96,90,62,101,76,90,89,111,86,73,115,91,100,96,79,74,79,89,103,113,114,94,103,104,102,110,98,80,87,102,109,93,114,73,93,94,86,91,88,110,106,114,104,111,96,87,116,90,100,84,73,90,103,96,83,100,100,79,101,87,100,105,85,95
6,3,6,17,4,5,2,5,5,2,8,8,6,5,6,3,4,3,15,4,12,2,2,3,8,4,2,2,17,8,9,13,3,14,7,3,6,9,5,6,13,23,9,23,17,15,19,23,27,9,24,5,17,21,23,13,31,25,39,24,38,5,30,12,25,38,60,32,39,42,38,49,42,10,46,42,40,30,48,38,25,51,42,60,34,51,33,39,76,35,32,60,65,73,96,71,50,79,56,64,68,52,60,57,85,79,73,50,60,66,92,86,74,94,64,79,93,84,82,80,95,66,90,89,89,98,92,105,99,94,107,105,111,79,101,111,88,93,94,100,97,97,110,112,91,94,103,98,90,105,95,117,96,113,84,115,98,106,117,68,100,98,90,114,107,109,106,79,104,91,106,85,84,91,107
8,7,9,3,5,3,6,3,2,8,7,9,6,1,4,5,8,6,13,4,5,2,11,4,3,2,5,1,8,11,3,7,2,6,4,10,6,17,1,14,15,12,6,5,6,15,24,1,18,13,23,19,32,8,11,20,8,34,6,18,53,43,33,18,2,56,23,27,23,47,38,32,34,37,51,26,44,54,38,50,53,32,35,26,74,60,51,44,37,79,37,48,51,56,59,72,44,68,32,38,91,69,47,69,59,47,86,43,80,104,84,74,64,83,85,79,107,76,60,77,69,96,87,99,100,96,86,60,61,114,105,96,85,91,103,117,77,116,96,85,106,94,60,109,109,92,101,105,87,103,109,109,113,80,115,114,86,80,113,96,101,92,68,112,101,111,113,107,114,89,76,97,76,111,101
17,9,6,5,9,4,11,11,4,3,2,7,5,8,1,7,5,9,12,5,2,2,6,7,4,6,6,9,8,1,2,12,5,5,8,5,11,6,8,8,12,5,9,7,8,10,6,21,2,25,12,11,15,38,14,21,11,8,20,52,14,18,20,28,14,12,37,46,51,12,35,54,35,56,30,33,32,35,42,6,48,47,17,32,25,17,40,31,39,39,41,47,25,68,75,64,76,89,76,56,61,76,73,65,51,75,93,68,60,94,90,76,92,73,93,88,104,79,69,79,112,83,112,74,94,72,89,100,96,84,85,107,87,115,104,97,117,94,98,91,99,105,105,87,101,114,88,103,105,96,99,104,73,113,107,90,96,112,77,100,96,105,110,76,105,116,50,87,91,112,103,98,87,104,74
23,15,11,4,3,8,21,13,17,3,7,1,3,4,2,10,7,1,8,3,1,7,6,7,12,9,7,3,7,2,5,5,14,4,1,7,8,33,9,13,24,5,27,8,21,12,30,3,26,21,18,27,9,14,8,19,17,24,14,7,47,17,10,8,11,20,27,51,12,14,33,49,56,54,23,55,29,74,47,53,47,62,54,39,30,61,54,53,26,68,34,28,73,39,47,56,51,60,47,43,50,57,55,49,71,68,44,101,88,98,74,83,89,60,66,80,96,74,114,94,92,84,69,83,83,103,85,94,91,102,96,103,109,107,94,114,97,83,118,111,120,85,96,89,112,115,104,100,96,74,106,111,107,99,114,96,74,103,93,95,85,89,97,87,103,88,77,99,104,80,101,95,103,69,79
30,2,28,14,6,5,9,7,14,5,13,5,2,2,4,3,12,2,6,3,8,1,2,6,7,5,5,4,8,5,5,2,6,7,13,9,6,7,3,13,5,17,8,4,15,8,4,1,11,46,2,6,28,17,32,2,20,25,8,2,11,17,38,51,54,24,31,33,39,31,46,26,46,27,51,38,33,42,18,55,56,60,27,31,57,42,47,52,19,17,42,48,79,44,60,26,60,50,80,51,62,53,60,76,60,103,69,73,68,60,91,96,74,82,61,75,85,85,74,80,86,104,85,95,93,86,85,76,100,95,95,101,76,104,99,110,100,111,80,100,104,114,115,85,106,107,96,96,113,115,101,113,103,121,93,100,104,98,96,109,114,88,94,117,107,110,80,77,117,68,91,92,85,57,85
23,12,11,4,12,1,1,6,12,15,8,5,6,5,11,6,7,12,5,11,5,3,2,3,4,3,3,2,8,4,13,3,13,2,2,6,12,2,9,7,3,4,6,4,7,17,24,6,15,5,42,11,7,32,4,47,5,15,27,8,15,26,24,39,26,13,18,32,25,34,18,18,44,32,52,29,21,24,25,26,5,33,26,38,56,51,50,23,77,56,61,50,59,53,23,53,62,74,74,62,74,52,66,38,59,60,52,74,89,89,86,87,88,85,71,79,65,60,103,103,105,107,74,91,105,93,92,68,106,118,100,94,96,96,85,101,87,107,107,111,88,85,91,83,94,104,105,92,91,104,95,76,89,110,99,72,115,98,103,106,98,112,84,91,90,92,72,79,86,64,76,72,96,94,85
17,14,6,18,14,32,7,6,10,4,3,6,1,7,4,6,6,5,4,4,4,5,5,11,2,2,15,4,6,1,4,10,6,11,5,5,4,1,1,2,7,8,5,6,26,19,13,8,25,38,10,18,6,17,5,11,4,9,4,27,23,37,35,30,23,19,30,28,32,9,32,28,43,17,30,60,25,28,53,33,60,61,26,46,39,64,20,42,51,68,69,65,32,66,39,75,39,61,53,60,72,69,74,56,66,34,85,84,79,55,76,99,56,80,95,79,96,106,68,90,89,68,83,111,89,104,111,116,90,103,80,114,103,100,111,95,86,100,103,85,105,86,110,96,117,79,116,114,105,91,112,111,115,106,93,99,83,105,107,91,112,110,93,76,114,80,55,74,86,101,84,90,105,38,84
12,1,5,19,10,8,5,1,13,9,10,4,3,11,7,12,4,5,3,7,2,2,3,4,4,5,6,1,10,11,7,6,8,2,11,4,14,8,6,2,6,11,8,14,13,2,44,5,8,11,38,27,26,23,34,26,10,26,44,32,40,16,42,17,4,60,26,20,21,37,25,49,39,13,11,39,44,20,47,17,27,31,28,35,30,46,50,27,54,38,32,34,56,43,46,54,69,40,60,66,71,49,65,96,38,66,46,76,29,73,76,74,61,54,93,104,91,73,95,68,90,86,101,91,68,117,107,103,74,104,83,112,103,92,105,97,114,90,96,115,110,115,109,113,97,106,104,98,111,99,107,112,101,73,80,115,87,87,91,77,96,113,89,105,99,79,66,106,94,96,93,87,87,68,80
21,11,8,13,15,21,31,6,2,7,12,13,2,18,3,2,7,3,8,10,19,8,1,8,1,5,2,8,9,1,7,3,1,1,4,6,6,1,8,9,6,29,8,6,17,13,4,9,5,13,3,7,18,8,2,32,21,37,23,50,14,11,17,26,46,32,16,17,47,34,39,26,32,19,46,51,34,35,42,29,16,17,34,51,61,60,50,39,64,51,65,60,48,25,61,57,50,39,79,43,42,46,44,60,86,39,50,51,73,96,94,67,83,69,83,105,75,76,60,72,92,87,110,85,97,84,90,113,100,91,97,98,117,83,103,99,112,109,122,106,86,114,110,113,101,106,80,113,103,114,66,99,98,114,85,105,83,85,97,95,101,89,100,96,105,96,95,97,88,71,96,74,79,72,104
14,9,5,12,8,11,17,5,12,12,3,1,1,5,4,5,3,9,6,3,10,9,6,3,7,8,16,7,5,9,12,7,5,11,7,9,10,13,3,9,5,14,3,12,3,15,12,23,27,15,6,17,8,9,12,38,39,15,25,32,11,13,51,26,38,29,25,13,12,11,27,26,19,5,8,68,33,12,52,48,32,38,26,42,48,43,42,56,54,71,39,46,66,51,67,69,38,55,48,75,82,69,47,53,67,55,61,83,60,90,87,77,93,96,94,96,86,80,93,85,107,79,112,95,86,74,76,111,86,111,112,80,101,107,111,106,99,98,89,96,100,91,118,113,116,111,110,100,111,98,102,107,112,117,109,96,103,104,100,102,98,66,109,96,94,86,107,80,89,104,107,96,107,87,60
11,17,9,19,14,7,3,11,8,11,13,6,11,6,4,8,2,4,6,12,3,8,7,4,3,2,7,3,6,3,4,6,5,8,5,3,17,5,20,6,3,4,18,17,27,24,23,4,12,25,4,23,7,11,8,6,39,12,24,23,27,38,13,24,33,30,31,27,46,32,38,33,51,37,39,55,40,17,9,56,37,21,35,23,47,52,37,46,23,51,53,74,66,57,60,51,37,53,23,51,87,54,50,75,66,55,55,86,64,56,92,74,79,85,80,83,92,94,73,91,93,100,90,80,92,53,94,96,110,79,109,100,109,76,119,100,118,85,96,101,97,112,115,115,119,104,104,94,112,92,115,118,89,99,72,98,91,115,107,86,113,79,102,102,79,87,99,91,83,110,115,100,72,85,89
25,26,4,8,24,3,17,14,9,9,7,2,11,14,11,8,7,1,6,5,5,7,6,6,11,3,6,5,4,4,6,8,8,4,6,5,2,7,11,6,5,6,32,4,2,6,18,8,11,14,15,5,6,17,9,34,18,8,32,6,21,27,15,8,18,32,18,20,8,51,51,26,23,34,27,21,38,33,23,29,60,56,53,47,47,49,34,57,47,26,44,57,71,47,53,61,26,66,68,69,61,55,59,51,85,90,54,76,76,84,74,86,92,73,79,61,101,110,94,117,80,95,87,85,76,101,112,89,86,110,93,96,100,103,93,87,75,100,110,111,102,85,86,96,93,94,104,96,101,107,109,94,101,87,100,110,89,107,104,73,74,104,80,83,103,100,105,61,88,66,73,85,103,73,66
18,16,23,15,27,18,6,5,8,23,17,5,10,1,13,2,1,6,4,8,7,1,6,17,11,11,8,6,11,10,2,2,3,6,7,6,23,3,7,11,10,8,1,13,26,8,11,10,6,20,17,18,8,16,18,24,17,34,42,55,35,11,11,48,34,15,25,11,32,25,40,23,66,49,34,12,32,26,60,69,28,43,55,34,76,37,74,48,50,37,68,46,56,68,44,27,60,53,72,68,72,62,76,64,61,52,71,65,51,75,66,88,76,76,69,72,74,100,69,94,96,96,96,98,84,96,96,80,105,97,104,113,94,101,100,106,115,104,113,111,91,111,85,109,112,107,114,86,110,112,103,105,106,93,110,90,109,94,99,93,99,99,86,96,69,79,86,85,54,38,76,80,107,72,75
21,27,32,40,15,6,12,11,20,13,12,6,7,15,8,5,5,8,9,3,1,6,5,11,5,13,13,9,3,12,5,2,6,9,4,3,8,19,3,13,8,9,18,18,14,19,17,8,20,14,14,13,23,26,9,18,12,27,8,20,5,10,25,31,21,15,28,5,34,44,28,26,37,48,33,29,12,43,55,38,33,34,46,31,24,92,23,20,56,47,71,53,35,39,60,64,39,76,38,44,66,50,60,62,64,51,60,53,44,51,87,80,93,69,74,92,110,71,104,89,68,74,87,72,75,95,93,103,107,107,76,92,102,86,115,107,87,101,110,96,95,105,105,98,100,89,91,111,93,104,100,110,94,107,76,106,102,100,89,72,83,93,91,111,103,110,87,85,59,80,87,74,62,76,101
9,12,26,20,6,13,9,8,32,23,26,4,4,5,1,3,9,7,9,12,5,7,9,4,2,3,4,3,6,2,13,1,7,5,1,5,6,10,8,8,12,8,3,14,9,15,12,7,19,13,28,26,12,31,13,13,6,23,14,33,25,15,47,21,35,28,27,5,23,34,48,39,21,51,34,44,48,25,53,31,53,43,60,32,43,27,24,84,32,74,68,54,38,62,79,48,52,104,54,64,51,53,60,65,74,95,74,60,92,69,79,66,83,91,85,76,74,84,77,98,91,113,86,105,99,85,103,98,96,100,85,111,115,117,113,60,91,103,100,114,91,117,107,116,96,96,115,111,102,107,114,115,101,93,105,98,115,48,85,79,96,98,89,85,49,66,103,94,74,42,100,86,89,64,69
51,17,34,26,16,7,32,11,12,17,33,9,4,10,3,5,9,7,2,6,11,7,4,12,6,7,7,8,11,2,11,4,10,11,5,4,14,17,6,6,5,5,6,6,25,24,12,11,13,4,15,12,17,64,26,5,28,8,33,25,17,17,24,9,41,18,79,40,27,33,33,10,42,11,41,26,26,42,34,24,60,32,42,25,31,42,38,60,51,59,50,48,66,48,61,46,66,42,71,79,76,86,93,64,82,79,48,74,61,85,86,99,85,92,61,83,96,83,85,87,101,93,103,99,94,97,74,96,99,91,85,114,103,105,117,112,74,94,99,93,105,112,112,114,91,86,94,90,82,80,105,117,111,91,109,107,103,91,85,104,82,73,86,94,91,62,71,105,94,72,93,68,74,73,60
51,37,23,11,25,16,15,13,8,12,15,11,20,19,2,14,14,4,13,6,7,17,17,16,8,2,9,5,15,8,2,3,17,11,5,19,5,28,13,13,27,26,7,9,34,9,3,28,17,23,20,6,8,17,16,5,34,21,26,32,50,28,23,30,26,19,31,24,34,23,42,11,32,38,33,39,40,39,49,47,68,15,46,39,48,17,34,61,66,27,66,73,87,74,76,73,54,51,53,47,55,51,85,61,32,73,68,40,76,85,88,69,103,69,82,105,100,86,103,73,107,110,96,109,99,113,85,112,115,97,100,101,105,85,92,100,118,111,96,112,99,96,117,111,98,85,71,99,94,113,92,94,99,79,89,92,74,111,85,101,112,106,73,69,106,112,69,96,90,92,55,34,86,54,71
35,51,51,37,28,7,33,18,5,23,17,7,7,2,2,6,1,8,1,3,5,11,8,3,5,5,17,5,10,9,18,15,14,23,23,2,44,10,18,2,26,3,11,14,5,7,26,17,21,15,14,17,8,14,34,38,13,37,17,38,19,25,43,47,38,51,38,32,25,40,8,50,23,35,60,32,28,38,46,47,48,35,25,40,31,47,35,34,43,54,47,26,43,69,55,68,39,56,61,51,44,66,99,50,89,42,87,74,109,72,89,96,68,71,89,79,86,88,57,104,104,102,92,87,95,77,103,84,100,92,80,113,107,96,119,111,106,89,89,100,93,110,105,79,100,103,105,104,98,100,96,93,91,96,85,77,88,94,99,74,105,74,96,76,80,79,79,76,74,90,56,83,64,92,68
32,37,28,61,26,17,11,12,12,14,8,27,5,25,5,3,4,15,5,6,10,14,3,13,4,1,20,12,8,9,5,1,7,6,9,8,7,15,11,15,4,24,10,24,20,9,15,6,25,32,34,3,30,27,20,38,33,13,13,69,26,51,5,40,27,14,28,7,20,66,37,33,25,17,34,21,19,23,51,51,64,38,23,60,39,31,28,30,47,62,38,28,37,61,72,47,74,38,29,60,80,84,76,49,88,86,60,50,67,43,80,91,72,98,85,69,79,87,101,89,75,68,75,99,91,96,83,113,95,102,103,102,99,104,99,114,103,89,115,107,101,89,97,119,107,110,105,85,112,110,103,112,96,113,89,103,96,72,106,86,60,98,79,52,91,89,99,100,53,96,82,101,54,68,61
30,26,24,32,24,47,6,20,2,17,17,4,13,20,4,18,17,13,10,23,11,11,31,12,9,19,6,3,6,11,20,3,7,5,6,16,17,12,12,21,20,6,18,8,23,27,17,39,11,26,26,14,23,15,20,10,19,14,39,16,34,26,60,15,47,43,34,31,20,56,42,28,34,44,26,15,8,27,47,38,48,32,69,62,61,42,26,37,28,39,32,44,61,65,48,57,40,42,71,62,40,61,54,86,85,60,91,85,64,56,68,74,87,66,104,64,85,93,107,87,104,66,103,80,89,100,100,106,96,87,103,94,91,111,104,93,92,94,110,115,114,114,120,74,61,99,79,105,102,117,73,85,104,85,107,109,80,83,110,92,95,94,99,86,77,85,89,73,64,54,74,91,76,66,66
40,12,29,38,5,25,15,3,20,15,39,12,17,48,28,7,8,7,11,14,18,15,11,6,23,7,4,6,8,11,7,21,13,11,5,19,13,23,13,5,20,5,8,8,12,15,9,13,23,27,54,13,17,13,23,26,20,27,30,38,9,62,40,60,56,55,66,33,68,34,51,27,38,53,44,35,28,23,31,51,62,33,52,55,40,46,56,46,56,28,73,69,71,69,33,66,85,55,99,87,52,55,68,38,79,88,65,76,82,99,96,76,85,54,74,98,100,102,105,93,60,76,93,111,98,85,112,111,115,110,101,99,96,91,94,99,100,97,96,113,93,111,104,95,86,99,112,107,87,100,71,107,96,105,89,76,100,106,117,85,79,61,100,77,86,62,69,83,56,55,80,51,60,64,20
19,51,23,39,33,26,32,12,60,26,15,8,29,21,8,6,16,35,10,27,5,17,8,8,18,4,12,8,20,5,17,17,13,25,3,17,3,4,21,23,32,15,13,20,26,8,33,61,38,27,24,47,35,33,34,34,42,33,32,46,26,38,20,23,33,61,26,53,24,42,56,28,33,37,25,28,20,27,33,42,26,76,32,51,25,64,23,39,76,62,66,72,49,46,35,46,48,76,87,74,73,53,67,95,83,69,83,60,93,89,60,95,96,86,95,94,99,85,88,111,112,117,107,79,74,111,115,107,97,76,98,117,95,111,115,119,76,99,100,111,107,83,100,94,118,114,91,111,106,111,114,60,92,80,103,104,100,96,66,85,52,73,101,68,64,83,61,91,86,35,48,61,60,53,48
32,29,47,6,33,27,19,32,25,11,35,44,26,17,6,20,28,24,29,14,5,14,28,37,5,6,13,18,8,18,26,10,11,23,24,18,19,26,12,18,14,17,27,23,21,5,19,47,29,21,28,25,40,53,9,38,23,33,30,17,25,39,34,29,13,49,54,50,47,23,29,66,80,51,47,53,68,39,32,51,53,31,65,35,56,46,53,72,47,50,49,42,96,38,56,51,79,60,64,76,59,85,44,66,65,51,79,61,100,72,66,80,61,73,107,106,91,98,80,64,117,113,110,96,85,79,85,76,85,104,91,96,104,103,105,121,112,91,86,85,111,85,93,105,105,99,90,114,74,97,92,74,96,99,85,103,102,79,86,86,74,73,72,85,71,98,79,84,87,83,74,38,54,68,33
28,47,23,39,55,13,35,28,42,8,32,12,18,31,12,34,16,34,23,2,21,16,9,1,15,14,11,24,9,10,13,7,20,25,17,12,6,26,9,12,9,10,18,24,21,29,34,18,13,6,25,15,42,11,23,29,41,76,13,38,18,39,51,13,39,48,32,15,34,42,26,39,27,34,72,56,52,44,30,62,13,39,61,51,79,38,69,85,33,54,65,80,76,27,74,64,64,74,72,51,62,64,60,86,64,89,86,64,85,83,74,79,104,100,94,59,93,69,100,104,51,103,106,83,113,90,92,99,107,111,85,107,103,115,107,112,110,91,90,96,111,95,90,101,86,104,93,93,101,85,105,104,113,85,85,112,69,73,99,35,90,69,60,72,86,59,64,77,80,48,60,62,38,57,38
42,25,37,38,37,34,35,12,24,42,13,26,27,28,31,5,11,13,11,15,27,18,12,17,15,7,16,8,6,5,33,18,5,32,39,19,31,13,14,17,16,11,44,32,27,39,37,17,28,60,12,23,5,32,32,39,42,21,62,31,50,26,42,32,53,34,85,60,37,47,26,43,38,32,38,66,48,42,31,51,73,55,33,48,38,54,39,61,71,28,72,75,51,32,46,33,86,55,60,46,85,38,66,66,68,66,75,74,87,76,75,74,85,96,118,75,74,83,83,110,103,91,92,99,76,117,114,107,86,105,110,98,96,89,114,100,89,92,96,94,99,112,110,105,107,96,115,85,103,110,117,80,105,96,87,80,91,95,94,46,72,91,67,60,56,60,74,57,68,95,40,29,62,54,55
40,10,54,23,26,27,34,35,13,56,5,54,8,7,37,26,32,11,38,25,20,23,11,14,6,5,18,8,15,8,16,38,23,13,5,28,47,15,8,13,17,25,12,21,23,38,26,25,64,34,26,54,23,62,35,24,39,17,55,69,47,37,42,32,23,48,40,48,39,37,23,31,30,39,32,48,73,57,34,47,32,40,26,92,44,40,51,60,37,33,77,60,60,31,64,60,67,60,79,77,44,76,71,84,85,96,85,91,60,97,110,95,83,114,105,117,85,104,72,107,96,104,114,83,96,75,79,94,93,105,117,92,115,96,116,87,79,83,103,92,111,93,98,119,112,99,105,96,110,87,68,76,112,103,86,83,76,103,86,88,86,71,102,62,60,74,66,59,54,24,66,43,51,50,39
50,51,37,27,51,39,21,44,43,14,25,31,69,20,20,21,18,13,27,6,57,25,19,8,17,40,23,9,9,5,32,26,17,29,29,8,9,23,13,26,28,60,17,47,37,31,35,14,42,39,30,31,38,31,17,37,26,23,27,56,46,38,47,20,48,39,60,51,76,37,53,44,69,53,68,66,29,26,64,60,61,67,86,50,68,43,32,67,39,68,57,21,66,74,87,47,62,76,68,89,47,74,76,105,94,60,99,71,51,79,61,80,94,89,72,84,66,77,101,103,105,55,74,111,98,117,74,110,91,96,103,102,115,110,94,89,115,114,96,105,85,107,93,101,96,72,94,85,79,92,94,83,107,80,79,96,83,74,96,85,50,74,83,54,51,94,72,85,76,26,23,47,85,25,34
48,44,38,48,35,74,21,38,42,42,46,12,47,47,18,46,29,8,34,17,3,13,28,10,21,27,30,7,10,13,8,17,23,28,24,11,43,23,34,3,17,33,23,18,68,51,44,41,25,69,37,26,21,61,34,29,18,55,18,77,55,28,23,60,59,46,47,54,49,51,60,47,77,47,68,40,38,26,60,35,38,77,23,46,51,74,34,71,50,72,74,26,60,80,53,86,86,82,74,79,67,60,83,91,66,83,84,100,83,76,103,106,90,93,72,94,67,90,109,80,105,105,99,114,79,93,98,109,105,96,112,96,107,109,117,104,110,85,67,62,102,109,60,103,72,110,88,103,87,64,73,100,74,89,85,64,100,87,55,40,73,75,80,42,69,44,37,32,26,68,38,42,38,60,42
60,66,8,43,44,46,60,47,39,37,53,51,13,17,50,9,28,17,11,34,15,18,51,21,8,17,38,27,17,32,28,46,19,34,21,51,12,39,15,42,29,38,20,26,32,19,69,33,34,35,15,60,48,44,49,39,34,42,33,87,19,72,74,71,64,66,74,68,47,51,61,49,74,67,37,37,61,62,51,42,60,65,39,66,55,68,86,47,64,53,40,59,66,72,85,60,90,75,87,48,51,55,82,86,73,84,96,80,72,94,103,98,112,115,104,117,92,115,85,121,95,96,66,109,118,96,113,95,85,113,92,97,95,114,99,92,99,96,96,79,76,100,94,96,118,111,76,106,94,86,76,96,94,98,85,54,69,85,68,38,95,87,42,44,29,68,60,65,50,30,28,26,42,68,55
55,42,51,60,31,60,26,55,15,48,17,59,48,8,24,15,9,62,31,26,24,27,16,54,26,33,38,14,34,31,44,23,35,25,28,47,64,24,24,27,18,44,28,26,39,46,33,71,29,42,23,37,47,37,12,69,13,56,43,50,48,55,60,60,15,44,68,34,51,60,59,48,29,64,53,60,27,57,62,68,76,69,31,74,48,72,50,89,74,51,74,43,76,57,96,64,67,80,92,95,69,82,85,90,79,110,60,76,85,111,106,65,105,98,100,98,85,102,115,117,99,110,85,105,97,100,99,113,120,96,99,111,87,97,85,103,106,88,115,114,100,98,98,115,99,107,94,94,105,89,76,91,74,79,89,68,87,60,51,96,61,83,77,74,38,42,66,80,67,60,51,48,60,39,60
80,71,51,67,55,27,38,39,40,60,28,6,50,18,47,32,61,51,26,29,42,44,28,34,34,32,24,14,25,44,52,38,37,23,73,17,37,38,34,37,13,72,60,26,68,29,27,56,48,42,39,44,51,38,20,44,39,38,85,41,42,44,59,37,27,25,32,54,69,35,51,61,57,39,48,11,43,47,43,57,83,73,71,66,51,60,23,44,80,61,68,57,64,54,76,80,86,66,89,75,103,73,86,89,92,72,89,100,94,92,93,96,99,96,85,95,96,93,94,110,106,99,103,115,93,107,110,102,100,105,110,87,83,105,101,113,74,110,79,104,113,87,85,91,66,53,85,91,89,99,104,67,88,80,83,82,71,86,73,93,95,66,73,71,60,48,27,46,44,28,25,24,23,34,25
59,68,34,42,35,59,26,34,37,46,53,28,21,33,37,41,28,48,28,40,44,17,27,56,12,39,28,39,26,31,29,26,51,27,37,54,28,44,25,54,43,46,61,40,27,47,43,48,32,34,37,32,64,11,54,64,76,34,37,44,61,31,69,80,62,71,56,37,46,73,53,34,72,96,47,60,69,85,62,42,91,67,59,53,82,66,92,60,75,61,60,80,71,60,85,69,66,83,62,83,68,96,85,101,61,66,93,80,69,68,103,96,91,107,103,113,100,107,112,93,118,96,98,114,74,86,111,91,107,96,106,76,94,115,100,104,101,94,109,97,117,107,66,95,96,114,101,68,99,69,82,98,115,61,92,84,85,90,69,47,57,57,64,44,68,51,54,47,26,19,51,33,34,23,16
53,39,38,57,43,61,43,37,65,23,34,26,21,32,26,39,30,54,32,47,40,20,32,51,37,13,38,39,61,48,25,72,25,47,60,37,66,39,53,38,86,53,51,55,54,68,68,51,31,50,50,51,25,68,31,62,89,85,47,68,46,46,49,50,68,42,34,57,35,62,69,54,51,60,51,37,67,96,84,64,60,65,71,42,47,61,69,46,65,69,71,73,72,64,96,69,93,56,71,60,98,83,87,94,85,110,77,95,79,104,100,92,86,104,79,109,96,102,94,104,105,100,112,107,118,100,99,101,114,110,117,86,99,107,107,106,111,83,94,104,103,88,90,72,86,101,97,92,105,89,76,68,105,96,79,85,66,76,48,68,57,34,31,51,66,69,55,40,46,37,38,28,47,26,17
55,48,86,49,44,39,66,44,50,27,67,48,51,31,79,38,50,38,66,35,54,76,44,32,50,48,57,32,42,44,39,32,47,42,39,68,42,47,39,40,47,85,26,42,53,79,61,56,23,23,32,47,42,83,86,74,48,69,66,60,60,39,66,59,54,69,64,76,33,47,44,54,49,103,46,85,56,26,79,85,66,79,76,55,76,85,62,62,76,66,60,65,94,60,111,51,91,55,59,65,97,107,90,82,76,89,94,87,85,106,115,91,97,92,104,103,96,119,111,104,114,103,76,109,113,98,106,92,76,107,79,85,105,113,106,95,102,103,86,97,117,93,92,66,103,76,89,79,106,101,87,85,51,74,73,67,74,50,73,85,64,26,38,56,59,38,94,54,23,27,69,30,27,31,26
46,69,68,60,27,32,60,42,60,34,29,69,72,42,31,61,33,37,23,38,34,60,38,35,42,67,56,38,66,62,60,17,38,38,8,42,47,80,48,26,68,57,74,52,96,42,60,38,69,42,57,55,85,53,71,60,53,68,48,51,72,44,55,38,53,77,39,32,60,50,66,51,71,77,76,86,72,74,76,100,44,73,68,89,60,77,62,72,86,86,68,74,74,72,87,95,80,95,100,96,80,66,102,86,112,76,83,99,94,89,110,99,95,97,85,104,86,94,94,106,96,83,75,104,104,96,79,107,115,100,85,103,111,107,96,95,84,96,77,120,79,100,84,93,79,73,111,77,71,75,61,55,60,60,68,76,55,59,51,42,67,74,52,32,74,42,56,73,46,48,42,31,39,66,23
59,52,60,74,46,32,27,40,39,55,42,39,60,48,37,35,47,34,38,55,29,41,43,59,20,60,33,73,69,43,44,29,56,71,50,50,21,44,38,17,42,44,48,76,56,66,77,60,57,48,56,56,66,34,64,44,77,68,79,85,85,74,56,69,54,47,60,73,38,57,67,86,66,60,74,47,86,64,54,34,80,60,94,87,93,51,65,79,101,60,66,60,85,74,83,106,89,85,96,62,68,68,89,74,83,66,109,85,97,95,103,96,98,98,83,111,105,93,114,92,114,101,66,107,91,89,100,111,112,96,100,83,99,95,115,101,85,111,114,93,112,99,79,99,86,96,42,67,79,64,97,85,83,57,86,76,96,48,61,69,46,44,42,72,47,33,27,44,47,32,60,17,25,60,31
96,61,53,93,35,61,41,49,23,61,53,57,40,61,60,51,60,51,74,18,89,54,33,74,57,32,55,33,43,11,55,50,54,33,77,74,29,74,64,84,46,71,83,66,85,61,48,55,86,48,62,60,72,80,43,74,86,85,68,96,50,103,53,77,21,85,55,74,48,64,69,64,99,53,76,61,79,62,61,51,90,56,54,68,76,75,74,85,93,72,76,80,85,87,66,50,107,90,90,99,91,72,96,94,95,73,93,83,74,93,105,79,101,116,112,104,112,102,99,117,105,111,105,100,96,116,99,117,93,110,117,110,96,93,111,96,115,102,113,82,85,91,86,95,96,105,99,83,79,76,64,72,76,47,66,79,86,60,44,39,44,68,46,34,51,64,32,39,57,17,61,37,29,23,24
76,77,85,60,60,61,54,51,76,43,44,68,65,25,76,76,56,72,77,27,44,51,66,40,44,51,38,55,61,61,65,66,48,44,44,53,55,79,67,52,37,34,38,76,51,96,74,61,51,80,96,51,74,72,83,67,73,55,83,68,74,101,82,85,64,51,68,86,66,85,69,83,60,83,50,77,80,66,59,85,86,111,101,79,66,96,51,105,62,69,60,67,99,82,95,60,85,74,89,55,112,80,85,91,87,96,105,105,89,109,107,96,105,117,103,107,110,117,101,110,103,106,109,110,103,117,115,110,114,121,105,104,107,89,85,95,110,85,96,111,84,84,105,82,107,94,112,94,96,90,59,77,74,86,85,59,44,89,56,66,26,62,38,74,38,34,40,42,49,46,33,31,20,20,13
49,84,102,68,83,51,50,48,32,50,50,76,38,66,47,46,76,48,54,40,80,85,38,26,61,69,69,28,38,64,57,50,26,51,42,47,72,62,56,51,60,62,54,60,71,42,101,54,54,54,83,79,68,69,93,57,55,95,51,96,72,80,76,86,49,74,77,91,87,56,71,96,86,110,89,87,84,59,85,76,79,88,85,60,113,77,86,54,111,96,72,95,85,96,93,79,86,94,113,79,94,73,100,103,77,71,109,89,99,96,115,79,113,110,105,89,96,117,107,83,91,92,120,105,120,113,118,113,105,105,99,76,107,103,103,105,64,66,93,100,76,100,109,100,104,103,83,85,64,60,96,60,65,93,66,69,53,55,56,28,85,32,35,43,29,34,21,15,26,54,26,54,8,42,21
50,73,34,51,76,93,65,48,61,48,62,60,47,91,56,59,60,46,65,55,47,47,72,57,77,60,69,34,69,60,69,42,83,72,44,60,64,69,74,104,44,57,88,69,72,73,27,91,93,59,26,73,76,53,79,60,83,80,66,49,67,62,75,89,65,80,88,76,65,53,107,77,74,85,96,69,46,72,85,68,95,84,112,74,93,65,85,96,97,111,85,98,76,91,91,103,87,104,112,86,85,97,87,74,86,106,84,112,85,103,85,109,120,114,98,96,115,106,117,118,96,120,112,114,103,115,112,77,111,114,112,112,115,79,115,117,110,93,117,96,89,93,85,96,99,77,101,66,72,93,82,84,64,85,42,69,83,48,65,74,40,54,25,61,48,50,38,30,35,18,24,23,13,41,28
73,37,80,59,62,61,71,75,50,35,74,61,44,69,86,66,72,59,96,97,56,48,85,74,40,47,60,77,101,60,60,60,66,94,79,51,80,55,46,51,48,95,76,54,68,73,96,73,74,86,77,69,68,85,86,41,79,66,60,100,86,93,46,79,44,75,56,85,74,94,68,61,75,95,88,93,100,65,99,64,80,93,91,66,91,86,75,54,91,85,86,103,97,83,87,73,104,101,107,84,89,91,94,90,114,80,100,107,100,112,107,117,111,112,115,115,90,109,122,100,116,104,96,112,79,114,86,96,104,103,80,117,98,91,85,94,99,101,97,100,99,66,91,86,62,100,64,76,73,61,53,66,82,65,56,69,61,62,29,46,44,60,31,25,37,39,23,43,23,27,3,34,38,8,19
66,76,57,72,104,76,74,66,86,85,89,57,64,61,53,74,86,105,51,71,65,74,54,79,53,66,83,82,64,76,57,74,83,74,61,67,34,60,59,69,69,44,76,79,50,66,61,76,43,74,100,92,55,48,76,111,32,73,33,90,74,84,84,101,99,60,83,85,105,79,77,76,72,91,101,79,80,54,86,99,109,68,107,89,83,88,86,86,106,89,110,107,111,90,83,74,84,95,76,105,83,92,105,104,107,96,109,93,85,98,103,114,114,111,85,104,118,110,107,117,118,112,110,120,89,119,94,115,110,93,118,102,113,103,114,96,85,95,105,106,85,87,88,79,83,90,64,75,87,68,74,38,51,67,55,60,25,38,50,51,51,25,26,21,33,19,20,28,17,13,6,13,29,6,20
76,51,79,85,75,84,72,69,47,87,85,77,65,92,69,85,73,72,79,33,69,66,59,68,94,72,54,76,66,66,64,87,71,66,68,73,75,71,83,99,107,50,53,54,74,64,79,72,106,62,71,68,76,80,93,94,89,94,86,96,82,64,51,77,50,87,96,55,96,85,82,71,74,86,89,82,104,85,82,86,86,84,96,101,86,72,91,105,86,80,88,100,99,87,109,53,111,86,80,100,80,110,91,98,98,102,111,116,110,115,100,115,117,86,87,89,112,104,113,107,117,116,115,99,111,85,118,99,94,115,97,74,106,107,109,111,91,90,74,106,97,100,74,86,76,85,99,60,38,68,79,73,86,85,84,43,43,38,59,47,41,35,49,28,18,46,32,15,31,37,47,8,26,14,14
62,55,75,73,47,44,71,96,73,27,72,85,76,62,60,107,39,93,89,56,59,51,75,67,71,65,73,69,56,60,83,69,86,60,85,74,84,74,76,100,60,79,47,101,87,83,94,79,79,69,98,94,76,79,60,98,56,83,80,89,105,83,76,68,51,96,76,38,104,94,79,85,105,68,115,79,94,77,111,103,110,75,95,96,76,103,84,87,105,107,92,76,85,107,94,112,86,99,80,96,115,109,115,103,115,93,99,103,105,93,107,91,96,113,74,100,112,109,103,115,112,104,103,103,120,111,114,101,119,104,98,110,110,107,86,76,74,95,99,85,100,95,60,109,62,96,93,66,60,76,92,72,53,53,47,50,33,39,48,51,23,26,44,38,32,51,25,21,26,17,26,3,18,10,39
64,90,77,90,65,92,74,60,75,77,87,62,72,65,51,86,93,77,87,91,74,86,72,51,83,76,60,84,96,86,74,83,72,99,76,90,94,65,91,110,80,99,93,85,92,99,72,85,86,85,111,94,74,97,94,85,71,64,60,51,99,68,61,74,66,90,99,100,74,66,98,86,67,83,88,74,85,106,76,60,104,104,76,105,100,87,77,74,110,97,85,104,95,105,80,98,95,110,100,107,89,91,104,96,115,117,100,99,117,99,120,119,111,111,116,100,121,112,107,109,92,112,112,96,99,114,117,114,121,96,113,85,107,115,110,107,93,103,74,76,68,110,91,83,77,75,56,85,107,68,54,74,66,38,28,66,42,21,74,33,33,27,34,42,35,13,26,12,33,13,10,7,16,19,26
91,80,83,53,77,56,71,65,79,89,74,76,79,71,83,104,94,62,87,76,53,65,82,85,86,71,83,68,80,85,99,61,72,90,86,77,99,69,79,66,85,74,91,69,85,74,66,46,86,85,100,80,73,77,84,100,60,110,87,72,79,79,94,65,66,76,73,85,53,96,91,85,60,107,95,107,95,74,98,85,77,94,86,85,88,104,64,112,111,93,96,107,86,110,101,74,96,95,112,98,102,119,110,97,93,107,113,111,103,107,86,113,111,115,117,115,100,114,117,113,98,114,100,104,96,98,118,112,96,111,109,88,105,115,100,117,115,104,103,105,80,94,79,93,68,55,85,96,82,64,59,85,55,60,43,29,60,60,41,31,60,33,43,48,23,13,10,25,11,14,30,11,12,17,6
76,67,48,60,80,86,74,80,61,60,74,96,83,98,100,66,97,69,100,74,51,84,47,86,77,54,79,66,74,62,97,93,83,79,103,96,74,42,85,115,88,64,75,117,86,89,61,101,95,91,74,64,79,89,71,86,104,106,56,103,99,85,89,74,51,72,83,86,80,105,100,68,61,103,96,85,67,93,87,86,91,103,111,100,118,91,83,74,101,88,85,118,110,96,115,100,120,107,97,91,86,93,112,98,113,120,112,101,100,106,109,115,114,97,111,104,110,99,98,113,116,107,95,109,111,118,120,97,113,95,114,109,111,96,114,117,94,96,107,107,96,99,84,100,107,74,76,73,88,93,86,76,66,46,57,30,55,43,42,50,12,20,20,8,8,39,42,26,6,6,24,17,14,10,13
68,76,55,106,88,73,98,85,55,95,93,97,55,103,60,76,96,86,88,85,109,86,101,99,89,56,91,88,114,103,93,105,89,85,79,86,76,90,74,83,80,109,101,97,107,84,106,98,96,104,82,65,93,68,88,107,96,88,94,103,96,115,92,82,96,72,60,85,66,94,105,89,76,98,100,95,93,99,99,101,80,115,89,96,73,85,76,103,100,105,94,94,115,107,99,96,118,109,91,120,96,76,112,109,111,105,118,118,111,115,115,119,107,112,109,109,113,115,111,115,111,114,118,102,111,114,93,105,93,89,93,104,111,90,110,101,92,90,85,111,98,103,104,95,79,86,53,60,25,76,51,71,46,47,31,39,25,12,38,54,37,31,18,44,9,20,29,23,52,23,6,17,20,15,23
79,85,74,48,92,93,93,89,77,75,76,80,91,94,65,95,93,85,83,88,94,110,103,79,85,92,82,85,74,94,110,101,91,100,84,115,103,86,100,76,83,84,76,91,99,103,80,112,80,90,99,104,95,79,98,101,99,86,100,112,80,68,96,79,98,107,79,101,62,95,95,100,86,110,96,100,80,105,111,69,91,96,74,79,86,92,94,103,112,62,105,98,100,109,115,117,104,111,99,109,111,114,96,115,99,120,105,118,115,114,114,119,103,113,109,87,114,95,117,100,91,103,92,104,90,119,104,118,105,95,112,109,79,99,96,96,105,101,94,101,88,110,77,118,51,51,102,66,34,74,53,44,75,64,38,38,57,19,17,17,38,32,18,23,12,23,31,40,4,23,3,4,4,4,7
65,67,96,82,99,74,90,101,107,85,73,76,101,72,109,98,79,85,68,99,76,67,85,74,92,96,100,103,95,73,80,86,86,68,92,92,91,113,94,105,89,103,96,87,95,114,102,88,60,76,94,91,100,97,87,69,98,86,118,102,101,100,83,87,61,85,104,107,79,99,99,104,85,110,74,109,74,89,95,83,85,109,109,107,105,104,76,100,96,104,92,117,100,117,104,104,99,112,115,114,117,105,97,85,116,93,114,117,88,113,114,112,103,111,86,105,115,110,120,121,105,103,110,102,110,114,115,117,104,96,111,98,87,119,117,96,87,111,79,77,75,74,75,79,80,83,52,66,69,76,65,38,44,50,37,54,60,44,50,41,48,37,31,10,15,37,17,23,14,12,14,46,5,13,14
73,86,76,94,83,86,73,87,61,103,74,109,74,68,96,99,100,82,79,90,85,97,111,54,94,69,86,92,74,75,80,88,74,96,94,100,84,85,101,93,99,98,113,94,101,97,74,112,119,103,87,85,100,106,101,111,85,112,111,101,114,91,111,94,105,99,91,97,103,96,100,114,103,85,88,101,112,85,109,99,88,103,77,95,74,85,112,85,101,105,110,107,107,105,96,114,96,113,111,112,116,115,89,107,112,117,107,117,120,113,107,112,111,115,117,77,112,107,111,117,106,115,119,117,109,111,107,102,114,105,87,105,110,111,102,113,94,104,105,112,96,85,73,74,105,60,100,77,85,75,55,86,53,48,27,44,56,34,24,23,30,6,27,26,8,25,5,9,20,26,3,10,13,10,6
72,77,85,74,89,87,112,64,72,74,65,104,91,110,94,76,104,82,87,76,94,80,91,89,93,101,85,104,117,107,80,79,85,93,87,89,105,96,104,101,80,102,90,114,111,89,84,110,55,103,96,74,107,84,103,114,56,96,107,106,104,96,104,104,89,111,104,100,60,79,111,117,85,82,61,92,94,79,110,107,103,105,74,101,91,93,72,96,110,117,95,105,107,111,117,114,106,118,117,110,103,102,118,111,107,110,110,111,99,118,110,103,106,112,111,105,116,94,112,115,116,113,111,89,85,114,99,115,110,100,119,112,104,109,100,98,112,114,97,86,74,86,74,69,76,86,64,67,54,64,47,75,37,69,38,43,62,34,51,16,17,20,35,35,27,17,19,17,2,25,12,17,8,9,2
